T240,T300,T360,PVV4,AXR-1,HH.335C-Col/PhyA,EC.480C,EC.66C,GD.86L,CH.160L-Col,CC.98L-Col/101C ,AD.121C,AD.106L-Col,GB.112L,GD.97L ,EG.113L/115C,CD.89C,BF.206L-Col,CH.200C ,EC.88C,GD.160C,HH.375L,CH.215L ,BF.116C,GH.157L-Col,CC.318C,CD.173L/175C-Col ,GH.127L-Col/ADH,HH.360L-Col ,AD.156C ,BF.325L,GH.580L, DF.225L ,AD.77L,CH.266C,CH.610C,HH.258C ,BH.145C,BF.226C/BH.58L ,FD.226C,GD.145C ,GH.94L,BF.82C,GD.465C ,FD.306L,EC.495C-Col ,BH.460L,FD.81L,BF.105C,CH.284C,FD.222L-Col ,CD.245L,EG.66L ,CH.65C ,CH.1500C,BF.221L, FD.85C ,GB.150L-Col,FD.150C,GD.460L-Col ,CC.332C,Erecta,CH.145L-Col/150C,AD.191L-Col ,BH.195L-Col,GD.298C,GH.247L,BH.120L-Col,DF.140C,EG.357C/359L-Col,EC.235L-Col/247C,DF.77C ,GB.120C-Col,GD.248C-Col/249L,EG.75L,CH.322C,FD.111L-Col/136C,CC.266L,BF.270L-Col/271C ,CC.110L/127C ,BH.88C,EC.58C ,GH.390L,GH.321L/323C-Col,GH.226C/227L-Col,HH.158L,EC.83C/84L,GD.318C/320L,AD.92L ,HH.410C,BF.148C,GB.210L,CD.800C ,HH.242C,BF.134C-Col,BH.225C-Col,EG.122C,BF.307L,AD.427L,BF.239L,GH.411C/413L-Col,GD.113C-Col,BH.323C-Col,GD.136C-Col,GD.207C-Col,GB.80C-Col,AD.108L,FD.97C-Col,HH.440L,GD.360L,DF.303C,DF.250L,GD.174C-Col,DF.76L,BF.128C,HH.117C,HH.102C ,GD.296C-Col ,DF.328C,GH.172C,FD.98C,CD.87L-Col ,CC.149L-Col,AD.182C,DF.65L-Col,GD.106C,GH.58C-Col,HH.171C-Col/173L,AD.179C,AD.495L-Col,AD.112L-Col,BH.109L-Col,GB.97L-Col/99C,BH.285C,HH.90L-Col,ANL2,GH.250C,CH.169C,FD.166L,CD.320C,BF.740L,CC.288L,GH.165L,HH.161L,CD.730C,BF.151L,AD.383C,GH.266L, CC.388L,EC.306L ,GH.91C,BH.92L-Col,FD.154L,GH.64C,CH.238C,CD.84C-Col/85L,GH.263C-Col,SC5,g4539,DF.108L-Col ,CD.329C-Col,AD.307C,AD.115L-Col,FD.167L-Col,CH.70L/71C-Col,HH.159C-Col,GH.433L-Col,GB.490C,GB.750C,BH.342C/347L-Col,FD.207L,CH.690C,AD.292L,BH.144L,FD.239L-Col,EC.198L-Col,BH.180C,BH.325L,BH.107L-Col,BF.269C,AD.114C-Col,DF.231C,CC.400L-Col,DF.184L-Col, EG.117L,BF.164C,GH.473C,GH.117C,GH.121L-Col,DF.154C,AD.129L-Col,HH.480C,BH.96L-Col,CC.188L,EC.395C,CC.322C,GH.190C,GD.239L-Col,CH.60C,HH.225C-Col,EG.410C,DF.300C,GB.235C-Col,GB.59C,CD.179L,CH.88L,EC.96L,CD.116L,CC.216C,EC.151L,CC.277L-Col,DFR,AD.254C,AD.75C-Col,GB.248C,GD.350L-Col,CD.160L,BH.81L-Col,BF.81C,CC.540C-Col,GB.223C,DF.450C,HH.445L-Col,GD.118C ,CC.262C,FD.345C,GB.102L-Col/105C,HH.143C,BF.168L-Col,DF.119L,CH.331L-Col,CH.124C,GD.222C-Col,g2368, FD.188C,EG.205L,HH.122C/120L
,,,1,1,1,1,1,1,1,1,1,1,1,1,1,1,1,1,1,1,1,1,1,1,1,1,1,1,2,2,2,2,2,2,2,2,2,2,2,2,2,2,2,2,2,2,2,2,2,2,2,2,2,2,2,2,2,2,2,2,2,2,2,2,2,2,2,2,2,2,3,3,3,3,3,3,3,3,3,3,3,3,3,3,3,3,3,3,3,3,3,3,3,3,3,3,3,3,3,3,3,3,3,3,3,3,3,3,3,3,3,3,3,3,3,3,3,3,3,3,3,3,3,3,3,3,3,3,3,3,3,3,3,3,4,4,4,4,4,4,4,4,4,4,4,4,4,4,4,4,4,4,4,4,4,4,4,4,4,4,4,4,4,4,4,4,4,4,4,5,5,5,5,5,5,5,5,5,5,5,5,5,5,5,5,5,5,5,5,5,5,5,5,5,5,5,5,5,5,5,5,5,5,5,5,5,5,5,5,5,5,5,5,5,5,5,5,5,5,5,5,5,5,5,5,5,5,5,5,5,5,5,5,5,5,5
,,,0,6.250673,9.303866,12.577626,18.392826,19.648537,25.232284,25.882088,35.669546,36.631738,44.511891,50.602328,53.631507,57.405765,62.323547,67.240605,72.296746,76.255209,81.273178,81.900792,88.639025,90.914768,97.121363,99.711952,104.806096,109.519667,0,6.241795,11.678235,12.929904,13.236573,13.543337,13.543338,13.543338,13.543339,14.160654,14.160655,14.160655,14.160656,14.160656,14.160657,14.160657,14.777972,14.777973,16.350888,17.282444,19.850127,23.453845,25.685554,25.685555,27.25822,30.511166,31.128895,35.085072,37.651376,39.551443,41.451571,41.451572,42.701851,42.701852,47.017144,47.017145,47.638202,49.221584,52.147772,55.4297,62.530906,62.530907,0,2.613843,7.032125,7.343689,8.29156,11.48092,15.051057,16.346977,18.094181,18.776978,18.776978,21.422,21.422,22.085387,25.327483,25.665302,28.194588,30.995051,34.670892,34.670893,38.085988,38.085988,38.085989,39.704525,43.418058,43.418059,44.350384,44.350384,44.350385,44.350385,44.350386,45.16943,45.16943,45.169431,45.169431,45.574225,45.574225,48.286554,48.286555,48.653167,48.653167,49.312992,49.640591,50.300267,52.688037,52.688037,55.438456,58.346059,58.34606,59.596863,66.588651,66.588651,66.588652,68.488299,68.4883,68.795108,70.695453,71.313081,71.313082,72.897138,75.143976,76.082014,76.392699,76.392699,0,6.38802,17.88988,17.88988,17.88988,17.88988,17.88988,17.88988,17.88988,18.50719,18.50719,18.50719,18.5072,18.5072,22.75546,22.75546,27.79756,30.44271,34.75824,34.75824,35.37556,35.37556,39.9428,40.2895,40.63575,45.25432,45.25432,46.5378,48.15253,53.20631,56.45978,56.45978,60.77182,67.77166,73.66833,0,2.940609,5.263749,6.232984,11.517406,11.517406,12.450895,13.120396,17.456266,18.08293,21.390446,23.320798,23.320798,28.452572,28.452572,28.452573,33.209393,34.15428,38.533277,41.782945,41.782945,45.506126,51.937024,53.180674,56.869512,56.869512,56.869513,56.869513,56.869514,56.869514,56.869515,57.820859,59.761142,59.761143,61.703316,63.310968,63.310969,65.253101,65.253102,69.302855,69.302856,70.291359,76.061556,76.680528,77.933295,77.933296,78.55127,78.55127,78.551271,78.551271,79.168523,80.418822,81.991777,82.923367,85.154964,87.390375,87.390376,93.991759,95.563621,101.176406,102.460864,103.094784,103.094785,103.932133,107.488931,107.488932,107.488932
62.0685,75.43533333,84.68225,A,A,A,A,A,A,A,A,A,A,A,A,A,A,A,A,A,A,A,A,A,A,B,B,B,B,A,A,B,B,B,B,B,B,B,B,B,B,B,B,B,B,B,B,B,B,B,B,B,B,B,B,B,B,B,B,B,B,B,B,B,B,B,B,B,B,A,A,B,B,B,B,B,B,B,B,B,B,B,A,A,A,A,A,A,A,A,A,A,A,A,A,A,A,A,A,A,A,A,A,A,A,A,A,A,A,A,A,A,A,A,A,A,A,A,A,A,A,A,A,A,A,A,A,A,A,A,A,A,A,A,A,B,B,B,B,B,B,B,B,B,B,B,B,B,B,B,B,B,B,B,B,B,B,B,B,B,B,B,B,B,B,B,B,B,B,B,A,B,B,B,B,B,B,B,B,B,B,B,B,B,B,B,B,B,B,B,B,B,B,B,B,B,B,B,B,B,B,B,A,A,A,A,A,A,A,A,A,A,A,A,A,A,A,A,A,A,A,A,A,A,A,A,A,A,A,A,A,A,A,A,A,A,A
65.0646,77.05373333,86.61386667,A,A,A,A,A,A,A,A,A,A,A,A,A,A,A,A,A,A,B,B,B,B,B,B,B,B,B,B,B,B,B,B,B,B,B,B,B,B,B,B,B,B,B,B,B,B,B,B,B,B,B,B,B,B,A,A,A,A,A,A,A,A,A,A,A,B,B,B,B,B,B,B,B,B,B,B,B,B,B,B,B,B,B,B,A,A,A,A,A,A,A,A,A,A,A,A,A,A,A,A,A,A,A,A,A,A,A,A,A,A,A,A,A,A,A,A,A,A,A,A,A,A,A,A,A,A,A,A,A,A,A,A,B,B,A,A,A,A,A,A,A,A,A,A,A,A,A,A,A,A,A,A,B,B,B,B,B,A,A,A,A,A,A,A,A,A,B,A,A,A,A,A,A,A,A,A,A,A,A,A,A,A,A,A,A,A,A,A,A,A,A,A,A,A,A,A,A,A,A,A,A,A,A,A,A,A,A,A,A,A,A,A,A,A,A,A,A,A,A,A,A,A,A,A,A,A,A,A,A,A,A,A,A,A
64.33341667,73.01533333,78.09316667,B,B,A,A,A,A,A,A,A,A,B,B,B,B,B,B,B,B,B,B,B,B,B,B,B,B,A,A,A,A,A,A,A,A,A,A,A,A,A,A,A,A,A,A,A,A,A,A,A,A,A,A,A,A,A,A,A,A,A,A,A,A,A,A,A,A,A,A,A,A,A,A,A,*,B,B,B,B,B,B,B,B,B,B,B,B,B,B,A,A,A,A,A,A,B,B,B,B,B,B,B,B,B,B,B,B,B,B,B,B,B,B,B,B,B,B,B,B,B,B,B,A,A,A,A,A,A,A,A,A,A,A,B,B,B,B,B,B,B,B,B,B,B,B,B,B,B,B,B,B,B,B,B,B,B,B,B,B,B,B,B,B,B,B,B,B,B,A,A,A,A,A,A,A,A,A,A,A,A,A,A,A,A,A,A,A,A,A,A,A,A,A,A,A,A,A,A,A,A,A,A,A,A,A,A,A,A,A,A,A,A,A,A,A,A,A,A,A,A,A,A,A,A,A,A,A,B,B,B,B,B,B,B,B
71.78928571,81.29657143,89.28685714,A,A,A,A,A,A,A,*,A,A,A,A,A,A,A,A,A,A,B,B,B,B,*,B,A,A,A,A,A,A,A,A,A,A,A,A,A,A,A,A,A,A,A,A,A,A,A,A,A,A,A,A,A,A,A,A,A,*,A,A,A,A,A,A,A,A,A,A,A,A,A,A,A,A,*,A,*,A,A,A,A,A,A,A,A,A,B,B,B,B,B,B,B,B,B,B,B,B,B,B,B,B,B,B,B,B,B,B,B,B,B,B,B,B,B,A,A,A,A,*,A,A,A,A,A,A,A,A,A,A,A,A,A,A,A,A,A,A,*,A,A,A,A,A,A,*,B,B,B,B,B,B,B,B,B,B,B,B,B,B,B,B,B,B,B,A,A,B,B,B,B,B,B,B,B,B,B,B,B,*,B,B,B,B,B,B,B,B,B,B,*,B,*,B,B,B,B,B,B,B,B,B,B,B,B,*,B,*,B,B,B,B,B,B,B,B,*,B,B,B,B,*,B,B,B,B,B,B,B,B,B,B,B,B
77.228,93.48778947,102.3235789,B,B,B,B,B,B,B,B,A,A,A,A,A,A,A,A,B,B,B,B,B,B,B,B,B,B,A,A,A,A,A,A,A,A,A,A,A,A,A,A,A,A,A,A,A,A,A,A,A,A,A,A,A,A,A,A,A,A,A,A,A,A,A,A,A,A,A,A,A,A,A,A,A,A,A,A,A,A,A,A,A,A,A,A,A,A,A,A,A,A,A,A,A,A,A,A,A,A,A,A,A,A,A,A,A,A,A,A,A,A,A,A,A,A,A,A,A,A,A,A,A,A,A,A,A,A,A,A,A,A,A,A,B,B,B,B,B,B,B,B,B,B,B,B,B,B,A,A,A,A,A,A,A,A,A,A,A,A,A,A,A,A,A,A,A,B,B,A,A,A,A,A,A,A,A,A,A,A,A,A,A,A,A,A,A,B,B,B,B,B,B,B,B,B,B,B,B,B,B,B,B,B,B,B,B,B,B,B,B,A,A,A,A,A,A,A,A,A,A,A,A,A,A,A,A,A,A,A,A,A,A,A,A,A
73.5396,84.8858,91.3327,B,B,B,B,B,B,B,B,B,B,B,B,A,A,A,A,A,A,A,A,B,B,B,B,B,B,B,B,B,B,B,B,B,B,B,B,B,B,B,B,B,B,B,B,B,B,B,B,B,B,B,B,B,B,B,B,B,B,B,B,B,B,B,B,B,B,B,B,B,B,B,B,B,B,B,B,B,B,B,B,B,B,B,B,B,B,B,B,B,B,B,B,B,B,B,B,B,B,B,B,B,B,B,B,B,B,B,B,B,B,B,B,B,B,B,B,B,B,B,B,B,B,B,B,B,B,B,B,B,B,B,B,*,*,A,A,A,A,A,A,A,A,A,A,A,A,A,A,A,B,B,B,B,B,B,B,B,B,B,B,B,B,B,B,B,B,B,A,A,A,A,A,A,A,A,A,A,A,A,A,A,A,A,A,A,A,A,A,A,A,A,A,A,A,A,A,A,A,A,A,A,A,A,A,A,A,A,A,A,A,A,A,A,A,A,A,A,A,B,B,B,B,B,B,B,B,A,A,A,A,A,A,A,A
83.2788,91.3644,95.2676,A,A,A,A,A,A,A,A,B,B,B,B,B,B,B,B,B,B,B,B,B,B,B,B,B,B,A,A,A,A,A,A,A,A,A,A,A,A,A,A,A,A,A,*,A,A,A,A,A,A,A,A,A,A,A,A,A,A,A,A,A,A,A,A,A,A,A,A,A,A,A,A,A,A,A,A,A,A,A,A,A,A,A,A,A,A,A,A,*,B,B,B,*,*,*,*,*,*,*,B,B,B,B,A,A,A,A,A,A,A,A,A,A,A,A,A,A,A,B,B,B,B,B,B,B,B,B,B,B,B,B,B,B,B,B,B,B,B,B,B,B,B,B,B,B,B,B,B,A,A,A,A,A,A,A,A,A,A,A,A,A,A,A,A,A,A,A,B,B,B,B,B,B,B,B,B,B,B,B,B,B,B,B,B,B,B,B,B,B,A,A,A,A,A,A,A,A,A,A,B,B,B,B,B,B,B,A,A,A,A,A,A,A,A,A,A,A,A,A,A,A,A,A,A,A,A,A,A,A,A,A,A,A,A
101.4095833,107.6898333,112.416,B,B,B,A,A,A,A,A,A,B,B,B,B,B,B,B,B,B,B,B,B,B,B,B,B,B,B,B,A,A,A,A,A,A,A,A,A,A,A,A,A,A,A,A,A,A,B,B,A,A,A,A,A,A,A,A,A,A,A,A,A,A,A,A,A,A,A,A,B,A,A,A,A,A,A,A,A,A,A,A,A,A,A,A,A,A,A,A,A,A,A,A,A,A,A,A,A,A,A,A,A,A,A,A,A,A,A,A,A,A,A,A,A,A,A,A,A,A,A,A,A,A,A,A,A,A,A,A,A,A,A,A,A,A,B,B,B,B,B,B,B,B,B,B,B,B,B,B,A,A,A,A,A,A,A,A,A,A,A,A,A,B,B,B,B,B,B,A,A,A,A,B,B,B,B,B,B,B,B,B,B,B,B,B,B,A,A,A,A,A,A,A,A,A,A,A,A,A,A,A,A,A,A,A,A,A,A,A,A,A,A,A,A,A,A,A,A,A,A,A,A,A,A,A,A,A,A,A,A,A,A,A,A,A
61.15606667,68.50566667,75.48193333,B,B,B,B,B,B,B,B,B,B,B,B,B,B,B,B,A,A,A,A,A,A,A,A,A,A,B,B,B,B,B,B,B,B,B,B,B,B,B,B,B,B,B,B,B,B,B,B,B,B,B,B,B,B,B,A,A,A,A,A,A,A,A,A,A,A,A,A,A,A,A,A,A,A,A,A,B,B,B,B,B,B,B,B,B,B,B,B,B,B,B,B,B,B,B,B,B,B,B,B,B,B,B,B,B,B,B,B,B,B,B,B,B,B,B,B,B,B,B,B,B,A,A,A,A,A,A,A,A,A,A,A,B,B,B,B,B,B,B,B,B,B,B,B,B,B,B,B,B,B,B,B,B,B,B,B,B,B,B,B,B,B,B,B,B,B,B,A,A,A,A,A,A,A,A,A,A,A,A,A,A,A,A,A,A,A,A,A,A,B,B,B,B,B,B,B,B,B,B,B,B,B,B,B,B,B,B,B,B,B,B,B,B,B,B,B,B,B,B,B,B,B,B,B,A,A,A,A,A,A,A,A,A,A
70.7388,83.96306667,91.49493333,B,B,B,B,B,B,B,B,B,B,B,B,B,A,A,A,A,A,B,B,B,B,B,B,B,B,A,A,A,A,A,A,A,A,A,A,A,A,A,A,A,A,A,A,A,A,A,A,A,A,A,A,A,A,A,A,B,B,B,B,B,B,B,B,B,B,B,B,B,B,B,B,B,B,B,B,B,B,B,B,B,B,B,B,B,A,A,A,A,A,A,A,A,A,A,A,A,A,A,A,A,A,A,A,A,A,A,A,A,A,A,A,A,A,A,A,A,A,A,A,A,A,A,B,B,B,B,B,B,B,B,B,B,B,B,B,B,B,B,B,B,B,B,B,B,B,B,B,B,B,A,A,A,A,A,A,A,A,A,A,A,A,A,A,A,B,B,B,B,B,B,B,B,B,B,B,B,B,B,B,B,B,B,B,B,B,B,B,B,B,B,B,B,B,B,B,B,B,B,B,B,B,B,B,B,B,B,B,B,B,B,A,A,A,A,A,A,A,A,A,A,A,A,A,A,A,A,A,A,A,A,A,A,A
60.76,71.4272,78.2471,B,B,A,A,A,A,A,A,A,A,A,B,B,B,B,B,B,B,B,B,B,B,B,B,B,B,A,A,A,A,A,A,A,A,A,A,A,A,A,A,A,A,A,A,A,A,A,A,A,A,A,B,B,B,B,B,B,B,B,*,A,A,A,A,A,A,A,A,B,B,A,A,A,B,B,B,B,B,B,B,B,B,B,B,B,B,B,B,B,B,B,B,B,B,B,B,B,B,B,B,B,B,B,B,B,B,B,B,B,B,B,B,B,B,B,B,B,B,A,A,A,A,A,A,A,A,A,A,A,A,A,A,A,A,B,B,B,B,B,B,B,B,B,B,B,B,B,B,B,B,B,B,B,B,A,A,A,A,A,A,A,A,A,A,A,A,A,A,A,A,A,A,A,A,A,A,A,A,A,A,A,A,A,A,A,A,A,A,A,*,A,A,A,A,A,A,A,A,A,A,A,A,A,A,A,A,A,A,A,A,A,A,A,A,A,A,A,A,A,A,A,A,A,A,A,A,A,A,A,A,A,A,A,A
81.39925,87.793,91.07558333,B,B,B,B,B,B,B,B,B,B,B,A,A,A,A,A,A,A,A,A,A,A,A,B,B,B,B,B,B,B,B,B,B,B,B,B,B,B,B,B,B,B,B,B,A,A,A,A,A,A,A,A,A,A,A,A,A,A,A,A,A,A,A,A,A,A,A,A,B,B,B,B,B,B,B,B,B,B,B,A,A,A,A,A,A,A,A,A,A,A,A,A,A,A,A,A,A,A,A,A,A,A,A,A,A,A,A,A,A,A,A,A,A,A,A,A,A,A,A,A,A,A,A,A,A,A,A,A,A,A,A,A,A,A,A,A,A,A,A,A,A,A,A,A,A,A,A,A,A,A,A,A,A,A,*,*,B,B,B,B,B,B,A,A,A,A,A,B,B,B,B,B,B,B,B,B,B,A,A,A,A,A,A,A,A,A,A,A,A,A,A,A,A,A,A,A,A,A,A,A,A,A,A,A,A,A,A,A,A,A,A,A,A,A,A,A,A,A,A,A,A,B,B,B,B,B,B,B,B,B,B,B,B,B
81.67591667,90.00291667,95.57358333,A,B,B,B,B,B,B,B,B,A,A,A,A,A,A,A,A,A,A,A,A,A,A,B,B,A,A,B,A,A,A,A,A,A,A,A,A,A,A,A,A,A,A,A,B,B,B,B,B,B,A,A,A,A,A,A,A,A,A,A,A,A,A,A,A,A,A,A,A,A,A,A,A,A,A,A,A,A,A,A,A,A,A,A,A,A,A,A,A,A,A,A,A,A,A,A,A,A,A,A,A,A,A,A,A,A,A,A,A,A,A,A,A,A,A,A,A,A,A,A,A,A,A,A,A,A,A,A,A,A,A,A,A,A,A,A,A,A,A,A,A,A,A,A,A,A,A,A,A,A,A,A,A,A,A,A,A,A,A,A,A,A,A,A,A,A,A,B,B,B,B,B,B,B,B,A,A,B,B,B,B,B,B,B,B,B,B,B,B,B,B,B,B,B,B,B,B,B,B,B,B,B,A,A,A,A,A,A,A,B,B,B,B,B,B,B,B,B,B,B,A,A,A,A,A,A,A,A,A,A,B,B,B,B
48.905,59.00984615,69.22169231,A,A,A,A,A,A,A,A,A,A,A,A,B,B,B,B,B,B,B,B,B,B,B,B,B,A,A,B,B,B,B,B,B,B,B,B,B,B,B,B,B,B,B,B,B,B,B,B,B,B,B,*,B,B,B,B,B,B,B,B,B,B,B,B,B,B,A,A,B,B,B,B,B,B,B,B,B,B,B,B,B,B,B,B,B,A,A,A,A,A,A,A,A,A,A,A,A,A,A,A,A,A,A,A,A,A,A,A,A,A,A,A,*,*,B,B,B,B,B,B,B,B,B,B,B,B,B,B,B,B,B,B,B,B,B,B,B,B,B,B,B,B,B,B,B,B,B,B,B,B,B,B,B,B,A,A,A,A,A,A,A,A,A,A,A,A,B,B,B,B,B,B,B,B,B,B,B,B,B,B,B,B,B,B,B,B,B,B,A,A,A,A,A,A,A,A,A,A,A,A,A,A,A,A,A,A,A,A,A,A,A,A,A,A,A,A,A,A,A,A,A,A,A,A,A,A,A,A,A,A,A,A,A,A
61.20258333,71.30458333,80.70291667,B,B,B,B,B,B,B,B,B,B,B,B,B,B,B,B,B,A,A,A,A,A,A,A,A,A,B,A,A,A,A,A,A,A,A,A,A,A,A,A,A,A,A,A,A,A,B,B,B,B,B,B,B,B,B,B,B,B,B,B,B,B,B,B,B,B,B,B,A,A,A,B,B,B,B,B,B,B,B,B,B,B,*,*,*,*,A,A,A,A,A,A,A,A,A,A,A,A,A,A,A,A,A,A,A,A,A,A,A,A,A,A,A,A,A,B,B,B,A,A,A,A,A,A,A,A,A,A,A,A,A,A,B,B,B,B,B,B,B,B,B,B,B,B,B,B,B,B,B,B,B,B,B,B,B,B,B,B,B,B,B,B,B,B,B,B,B,B,B,B,B,A,A,A,A,A,A,A,A,A,A,A,A,A,A,B,B,B,B,B,B,B,B,B,B,B,B,B,B,B,B,B,B,B,B,B,B,B,B,B,B,B,B,B,B,B,B,B,B,B,B,B,B,B,A,A,A,A,A,A,A,A,A,A
81.62625,90.41833333,96.10541667,A,A,A,A,A,A,A,A,A,A,A,A,A,A,A,A,A,A,A,A,A,A,A,A,A,A,B,B,B,B,B,B,B,B,B,B,B,B,B,B,B,B,B,B,B,B,B,B,B,B,B,B,B,B,B,B,B,B,B,B,B,B,B,B,B,B,B,B,A,A,A,A,A,A,A,A,A,A,A,A,A,A,A,A,A,A,A,A,A,A,A,A,A,A,A,A,A,A,A,A,A,A,A,A,A,A,A,A,A,A,A,A,A,A,A,A,A,A,A,A,A,A,A,A,A,A,A,A,A,A,A,A,B,A,A,A,A,A,A,A,A,A,A,A,A,A,A,A,A,A,B,B,B,B,B,B,B,B,B,B,B,A,A,A,B,B,B,A,A,A,A,A,A,A,A,A,A,A,A,A,A,A,A,A,A,A,A,A,A,A,A,A,A,A,A,A,A,A,A,A,A,A,A,A,A,A,A,A,A,A,A,A,A,A,A,A,A,A,A,A,A,A,A,A,A,A,A,A,A,A,A,A,A,A
88.17844444,99.80511111,106.2463333,A,A,B,B,B,B,B,B,A,A,B,B,B,A,*,*,A,A,A,A,A,A,A,A,*,A,B,A,A,A,A,A,A,A,A,A,A,A,A,A,A,A,A,A,A,A,A,A,A,A,A,A,A,A,A,A,A,A,A,A,A,A,A,A,A,A,A,A,A,A,A,A,A,A,A,A,*,*,*,B,B,B,B,B,B,B,A,A,A,A,A,A,A,A,A,A,A,A,A,A,A,A,A,A,A,A,A,A,A,A,A,A,A,A,A,A,A,A,A,A,A,A,A,A,A,A,A,A,A,A,A,A,B,B,A,A,A,A,A,A,A,A,A,A,A,A,A,A,A,A,A,A,A,A,A,A,A,A,A,A,A,B,B,B,B,A,A,A,A,A,A,A,A,A,A,A,A,A,A,A,B,B,B,B,B,A,*,A,A,A,A,A,A,A,A,A,A,A,A,A,A,A,A,A,A,A,A,A,A,A,A,A,A,A,A,A,A,A,A,A,A,A,A,A,A,A,A,A,A,A,A,A,A,A
89.10311765,96.97835294,99.99523529,A,A,A,A,A,A,A,A,A,A,A,A,A,A,A,A,A,A,A,A,A,A,A,A,A,A,A,A,A,A,A,A,A,A,A,A,A,A,A,A,A,A,A,A,A,A,A,A,A,A,A,A,A,A,A,A,A,A,A,A,*,A,A,A,A,A,A,A,A,A,A,A,A,A,A,A,A,A,A,*,*,*,*,*,*,*,*,*,*,B,B,B,B,B,B,B,B,B,B,B,B,B,B,B,B,B,B,B,B,B,*,B,B,B,A,A,A,A,A,A,A,A,A,A,A,A,A,A,A,A,A,A,A,A,A,A,A,A,A,A,A,A,A,A,A,A,A,A,A,A,A,A,A,A,A,A,A,A,A,A,A,A,A,A,A,A,A,A,A,A,A,A,A,A,A,B,B,B,B,B,B,B,B,B,B,B,*,B,B,B,B,B,B,B,B,B,B,B,B,B,B,B,B,B,B,B,B,B,B,B,B,B,B,B,B,B,B,B,B,B,B,B,B,B,B,B,B,B,B,B,B,B,B,B
67.103,74.28091667,82.517,A,A,A,A,B,B,B,B,B,B,*,B,B,B,B,B,B,B,A,A,A,A,A,A,A,A,A,A,A,A,A,A,A,A,A,A,A,A,A,A,A,A,A,A,A,A,A,B,B,B,B,B,B,B,B,B,B,B,B,B,B,B,B,B,B,B,B,B,B,B,B,B,B,B,A,A,A,A,A,A,A,A,A,A,A,A,A,A,A,A,A,A,A,A,A,A,A,A,A,A,A,A,A,A,A,A,A,A,A,A,A,A,A,A,A,A,A,A,A,A,A,A,A,A,A,A,A,A,A,A,A,A,B,A,A,A,A,A,A,A,A,A,A,A,A,A,B,B,A,A,A,A,A,A,A,A,A,A,A,A,A,A,A,A,A,A,A,B,B,B,A,A,A,A,A,A,A,A,A,A,A,A,A,A,A,A,A,A,A,A,A,A,A,A,A,A,A,A,A,A,A,A,A,A,A,A,A,A,A,A,A,A,A,A,A,A,A,A,A,A,A,A,A,A,A,A,A,A,A,A,A,A,A,A
69.68,82.12481818,91.81781818,B,B,B,B,B,B,B,B,B,B,A,A,A,B,B,B,B,B,B,B,B,B,B,B,B,B,A,A,A,A,A,A,A,A,A,A,A,A,A,A,A,A,A,*,A,A,A,A,A,A,A,A,A,A,A,A,A,A,A,A,A,A,B,B,B,B,B,B,A,A,A,A,A,A,A,A,A,A,A,A,A,A,A,A,A,A,A,A,A,A,A,B,B,B,B,B,B,B,B,*,*,*,*,A,*,*,*,*,*,*,*,B,B,B,A,A,A,A,A,A,A,A,A,*,A,A,A,B,B,B,B,B,B,B,B,B,B,B,B,B,B,B,B,B,B,B,B,B,B,B,B,B,B,B,B,A,A,A,A,A,A,A,A,A,A,A,A,*,B,B,B,B,B,B,B,B,B,B,B,B,B,B,B,B,B,B,A,A,B,B,B,B,B,B,B,B,B,B,B,B,*,B,B,B,B,B,B,B,B,B,B,B,B,B,B,B,B,B,B,B,B,B,B,B,B,B,B,B,B,B,*,B,B,B
79.39986364,87.23522727,91.59454545,A,A,A,A,A,A,A,A,B,B,B,B,A,A,A,A,A,A,A,A,B,B,B,B,B,B,A,A,A,A,A,A,A,A,A,A,A,A,A,A,A,A,A,A,A,A,A,A,A,A,A,A,A,A,A,A,A,A,A,A,A,A,A,A,A,A,A,A,A,A,A,A,A,A,A,A,A,A,A,A,A,A,A,A,A,A,B,B,A,A,A,A,A,A,A,A,A,A,A,A,A,A,A,A,A,A,A,A,A,A,A,A,A,A,A,A,A,A,A,A,A,A,A,A,A,A,A,A,A,A,A,A,B,B,B,B,B,B,B,B,B,B,B,B,B,B,B,B,B,B,B,B,B,B,B,B,B,B,B,*,B,B,B,B,B,A,A,A,A,A,A,A,A,A,A,A,A,*,A,A,A,A,A,A,A,A,A,A,A,B,B,B,B,B,B,B,B,B,B,B,B,B,B,B,B,B,B,B,B,B,B,B,B,B,B,B,B,B,B,B,B,A,A,A,A,A,A,A,A,A,A,A,A,A
88.70607692,100.5185385,108.9554615,B,B,B,B,B,B,B,B,B,B,B,B,B,B,B,B,B,A,A,A,A,B,B,B,B,B,A,A,A,A,A,A,A,A,A,A,A,A,A,A,A,A,A,A,A,A,A,A,A,A,A,A,A,A,A,A,A,A,A,A,A,A,A,A,A,A,A,A,A,A,A,A,A,A,A,A,A,A,A,A,A,A,A,A,A,A,A,A,A,A,A,A,*,B,B,B,B,B,B,B,B,B,B,B,B,B,B,B,B,B,B,B,B,B,B,B,B,B,B,B,B,B,B,B,B,B,B,B,B,B,B,B,B,B,B,B,B,B,B,B,B,B,B,B,B,B,*,*,A,A,A,A,A,A,A,A,A,A,A,A,A,A,B,B,B,B,B,A,A,A,A,A,A,A,A,A,A,A,A,A,B,B,B,B,B,B,B,B,A,A,A,A,A,A,A,A,A,A,A,A,A,A,A,A,A,A,A,A,A,A,A,A,A,A,A,A,A,B,B,B,B,B,B,B,B,B,B,B,B,B,B,B,B,B
81.05986667,89.7172,93.89526667,A,A,A,A,A,B,B,*,*,A,A,A,A,A,A,A,A,A,A,A,A,A,A,B,B,B,B,B,B,B,B,B,B,B,B,B,B,B,B,B,B,B,B,B,B,B,B,B,B,B,B,B,B,B,B,B,B,B,B,B,B,B,B,B,B,B,B,B,B,B,B,B,B,B,B,B,B,B,B,B,B,B,B,B,B,B,B,B,B,B,B,B,B,B,B,B,B,B,B,B,B,B,B,B,B,B,B,B,B,B,B,B,B,B,B,B,B,B,A,A,A,A,A,A,A,A,A,A,A,A,A,A,A,A,A,A,A,A,A,A,A,A,A,A,A,A,B,B,B,A,A,A,A,A,A,A,A,A,A,A,A,A,B,B,B,B,B,B,B,B,B,B,B,B,B,B,B,*,B,B,B,B,B,B,B,B,B,B,B,B,B,B,B,B,B,B,B,B,B,B,B,B,B,B,B,B,B,B,B,B,B,B,B,B,B,B,B,B,B,B,B,B,A,A,A,A,A,A,A,A,A,A,A,A
75.40293017,84.73716072,91.42970351,B,B,B,B,B,B,B,B,B,B,B,A,A,A,A,A,A,A,A,A,A,A,A,A,A,A,B,B,B,B,B,B,B,B,B,B,B,B,B,B,B,B,B,B,B,B,B,B,B,B,B,B,B,B,B,B,B,B,B,B,B,B,B,B,A,A,A,A,B,B,B,B,B,B,B,B,B,B,B,B,B,B,B,B,B,B,B,B,B,B,B,B,B,B,B,B,B,B,B,B,B,B,B,B,B,B,B,B,B,B,B,B,B,B,B,B,B,B,B,B,B,B,B,B,B,B,B,B,B,B,B,B,B,B,B,B,B,B,B,B,B,B,B,B,B,B,B,B,B,B,B,B,B,B,B,B,B,B,B,A,A,A,A,A,A,A,A,A,*,A,A,A,A,A,A,A,A,A,A,A,A,A,A,A,A,A,A,A,A,A,A,A,A,A,A,A,A,A,A,A,A,B,B,B,B,B,B,B,B,B,B,B,B,B,B,B,B,B,B,B,B,B,B,B,B,B,B,B,B,B,B,B,B,B
89.75461538,98.16253846,102.5415385,A,B,B,B,B,B,B,B,B,B,B,B,*,B,B,B,B,B,B,B,B,B,*,B,B,B,B,A,A,A,A,A,A,A,A,A,A,A,A,A,A,A,A,A,A,A,A,A,A,A,A,A,A,A,A,A,B,B,B,B,B,B,B,B,B,*,B,B,B,B,B,B,B,B,B,B,B,B,B,B,B,B,B,B,A,A,A,A,A,A,A,A,A,A,A,A,A,A,A,A,A,A,A,A,A,A,A,A,A,A,*,A,A,A,A,A,A,A,A,A,A,A,A,A,A,A,A,A,B,B,B,B,A,A,A,A,A,A,A,A,A,A,A,A,A,A,A,A,A,A,A,A,A,A,A,A,A,A,A,A,A,A,A,A,A,A,A,B,B,B,B,B,B,B,B,B,B,B,B,B,B,B,B,A,A,A,*,A,A,A,A,A,A,A,A,A,A,A,A,A,A,A,A,A,A,A,A,A,A,A,A,A,A,A,A,A,A,A,A,A,A,A,A,A,B,B,B,B,B,B,B,B,B,B
63.40966667,69.21166667,73.87988889,B,*,B,B,B,B,B,B,A,A,A,A,A,B,B,B,B,B,B,B,B,B,B,B,A,A,A,A,A,A,A,A,A,A,A,A,A,A,A,A,A,A,A,A,A,A,A,A,A,A,A,A,A,A,A,A,A,A,A,A,A,A,A,A,A,A,A,A,B,B,B,B,B,B,B,B,B,B,B,A,A,A,A,A,A,A,A,A,A,A,A,A,A,A,A,A,A,A,A,A,A,A,A,A,A,A,A,A,A,A,A,A,A,A,A,A,A,A,A,A,A,A,A,A,A,A,A,A,A,A,A,A,B,B,*,A,A,A,A,A,A,A,A,A,A,A,A,A,A,A,A,A,A,A,B,B,B,B,B,B,B,A,A,A,A,*,A,B,B,B,B,B,B,B,B,B,B,B,B,B,B,B,B,B,B,B,B,B,B,A,A,A,A,A,A,A,A,A,A,A,A,B,B,B,B,B,B,B,B,B,B,B,B,B,B,B,B,B,B,B,B,B,B,B,A,A,A,A,A,A,A,A,A,A
86.84230769,97.03692308,106.7417692,B,B,B,B,B,B,B,B,B,B,B,B,B,B,B,A,A,A,A,A,A,A,B,B,B,B,B,B,B,A,A,A,A,A,A,A,A,A,A,A,A,A,A,A,A,A,A,A,A,A,A,A,A,A,A,A,A,A,A,A,A,A,A,A,A,A,A,A,A,A,A,A,A,A,A,A,A,A,A,A,A,A,A,A,A,A,A,A,A,A,A,A,A,A,A,A,A,A,A,A,A,A,A,A,A,A,A,A,A,A,A,A,A,A,A,A,A,A,B,B,B,B,B,B,B,B,B,B,B,B,B,B,B,A,A,A,A,A,A,A,A,A,A,A,A,A,B,B,B,B,B,B,B,B,B,B,B,B,B,B,B,B,B,B,B,B,B,B,B,B,B,B,B,B,B,B,B,B,B,B,A,A,A,A,A,A,A,A,A,A,A,A,A,A,A,A,A,A,A,A,A,A,A,A,A,A,A,A,A,A,A,A,A,A,A,A,A,A,A,A,B,B,*,B,B,B,B,B,B,B,B,B,B,B
80.02538462,87.24492308,90.99353846,B,*,A,A,*,*,A,A,A,A,A,A,A,A,A,A,A,A,A,A,A,B,B,B,B,B,A,B,B,B,B,B,B,B,B,B,B,B,B,B,B,B,B,B,B,B,B,A,A,A,A,A,A,A,A,A,A,A,A,A,A,A,A,A,A,A,A,A,B,B,B,B,B,B,A,A,A,A,A,A,A,A,A,A,A,A,A,A,A,A,A,A,A,A,A,A,A,A,A,A,A,A,A,A,A,A,A,A,A,A,A,A,A,A,A,A,A,A,B,B,B,B,B,B,B,B,B,B,B,B,B,B,B,B,B,B,B,B,B,B,B,B,B,B,B,B,B,B,B,B,B,B,B,B,B,B,B,B,B,B,B,B,B,B,A,A,A,A,B,B,B,B,B,B,B,B,B,B,B,B,B,B,B,B,B,B,B,B,B,B,B,B,B,B,B,B,B,B,B,B,B,B,B,B,B,B,B,B,B,B,B,B,B,B,B,B,B,B,B,B,B,B,*,B,B,B,B,B,B,B,B,B,B,B
68.0879,80.9008,87.4967,B,B,B,B,B,B,A,A,A,A,B,B,B,B,B,B,B,B,B,B,B,B,A,A,A,A,A,A,A,A,A,A,A,A,A,A,A,A,A,A,A,A,A,A,A,A,A,A,A,A,A,A,A,A,A,A,A,A,A,A,B,B,B,B,B,B,B,B,B,B,B,B,B,B,B,B,B,B,B,B,B,B,B,B,B,B,B,B,B,B,B,B,B,B,B,B,B,B,B,B,B,B,B,*,B,B,B,B,B,B,B,B,B,B,B,B,B,B,B,B,B,B,B,B,B,B,B,B,B,B,B,B,A,A,A,A,A,A,A,A,A,A,A,A,A,A,A,A,A,A,A,A,A,A,A,A,A,A,A,A,A,A,A,A,A,A,A,A,A,A,A,A,A,A,A,A,A,A,A,A,A,A,A,A,A,B,B,B,B,B,B,B,B,B,B,B,B,B,B,B,B,B,B,B,B,B,B,B,B,B,B,B,B,B,B,B,B,B,B,B,B,B,*,B,B,A,A,A,A,A,A,A,A,A
88.91363636,102.1569091,112.7858182,A,A,B,B,B,B,A,A,A,A,A,A,A,A,A,A,B,B,B,B,B,B,B,B,B,B,B,B,B,B,B,B,B,B,B,B,B,B,B,B,B,B,B,B,B,B,B,B,B,B,B,B,B,B,B,B,B,B,B,B,B,B,B,B,B,B,B,B,A,A,A,A,A,A,A,A,A,A,A,A,A,A,A,A,A,A,A,A,A,A,A,A,A,A,A,A,A,A,A,A,A,A,A,A,A,B,B,B,B,B,B,B,B,B,B,B,B,B,B,*,B,B,B,B,B,B,B,B,B,B,B,B,B,B,B,B,B,B,B,B,B,B,B,B,B,B,B,B,B,B,B,B,B,B,B,B,B,A,A,A,A,A,A,A,A,A,A,B,B,B,B,B,B,B,B,B,B,B,B,B,B,B,B,B,B,B,B,B,B,B,B,B,B,B,B,B,B,B,B,B,B,B,B,B,B,B,B,B,B,B,B,B,B,B,B,B,B,B,B,B,B,B,B,B,B,B,B,B,B,B,B,B,B,B
85.0687,95.3397,104.4677,A,A,B,B,B,B,B,B,A,A,A,A,A,A,A,A,A,A,A,A,A,A,A,A,A,A,B,B,B,B,B,B,B,B,B,B,B,B,B,B,B,B,B,B,B,A,A,A,A,A,A,A,A,A,A,A,A,A,A,A,A,A,A,A,A,A,A,A,A,A,A,A,A,B,B,B,B,B,B,B,B,B,B,B,A,A,A,A,A,A,A,A,A,A,A,A,A,A,A,A,A,A,A,A,A,A,A,A,A,A,A,A,A,A,A,A,A,A,A,A,A,A,A,A,A,A,A,A,A,A,A,A,B,B,B,B,B,B,B,B,B,B,B,B,B,B,B,B,B,B,B,B,B,B,*,B,B,B,B,B,B,A,A,A,A,A,A,A,A,A,A,A,A,A,A,A,B,B,B,B,B,B,B,B,B,B,B,B,B,B,B,B,B,B,B,B,B,B,B,B,B,B,B,B,B,B,B,B,B,B,B,B,B,B,B,B,B,B,B,B,B,B,*,B,B,B,B,B,B,B,B,B,B,B
46.422,60.55977273,71.54118182,B,B,B,B,B,B,B,B,B,B,B,B,B,*,A,B,A,A,A,A,B,B,B,B,B,B,B,B,B,A,A,A,A,A,A,A,A,A,A,A,A,A,A,A,A,A,A,A,A,A,A,A,B,B,B,B,B,B,B,B,B,B,B,A,A,A,A,A,B,B,B,B,B,B,B,B,B,B,B,B,B,B,B,B,B,B,B,B,B,B,B,B,B,B,B,B,B,B,B,B,B,B,B,B,B,B,B,B,B,B,B,B,B,B,B,B,B,B,A,A,A,B,B,B,B,B,B,B,B,B,B,B,A,A,A,A,A,A,A,A,A,A,A,A,A,A,A,A,A,A,A,A,A,A,A,A,A,A,A,A,A,A,A,A,A,A,A,B,B,B,B,A,A,A,A,A,A,A,A,A,A,A,A,A,A,A,*,A,A,A,A,A,A,A,A,A,A,A,A,A,A,A,A,A,A,A,A,A,A,A,A,A,A,A,A,A,A,A,A,A,A,A,A,A,A,A,B,B,B,B,B,B,B,B
75.38068182,86.87795455,94.80231818,A,A,A,A,A,A,A,A,B,B,A,A,A,A,A,A,A,A,A,A,A,A,A,A,A,A,A,A,A,A,A,A,A,A,A,A,A,A,A,A,A,A,A,A,A,A,A,A,A,A,A,A,A,A,A,A,A,A,B,B,B,B,B,B,B,A,A,A,A,A,A,A,A,A,A,A,A,A,A,A,A,A,A,A,A,A,A,A,A,A,A,A,A,A,A,A,A,A,A,A,A,A,A,A,A,A,A,A,A,A,A,A,A,A,A,A,A,A,A,A,A,A,A,A,A,A,A,A,A,A,A,A,B,B,B,B,B,B,B,B,B,B,B,B,B,B,B,B,B,B,B,B,B,B,B,B,B,B,B,B,B,B,B,B,B,B,B,A,A,A,A,A,A,A,A,A,A,A,A,A,A,A,A,A,A,A,A,A,A,A,A,A,A,A,A,A,A,A,A,A,A,A,A,A,A,A,A,A,A,A,A,A,A,A,A,A,A,A,A,A,A,A,A,A,A,A,A,A,A,A,A,B,B,B
93.95541667,104.1839167,112.8616667,B,B,B,B,B,B,*,*,A,A,A,B,B,B,B,B,B,B,B,B,B,B,B,B,B,B,B,B,B,B,B,B,B,B,B,B,B,B,B,B,B,B,B,B,B,B,B,B,B,B,A,*,A,A,A,A,A,A,A,A,A,A,*,*,*,*,*,*,B,B,A,A,A,A,A,A,A,A,A,A,A,A,A,A,A,A,B,B,B,B,B,B,B,B,A,A,A,A,A,A,A,A,A,A,A,A,A,A,A,A,A,A,A,A,A,A,A,A,A,A,A,A,A,A,A,A,A,A,A,A,A,A,B,B,B,B,B,B,B,B,B,B,B,B,B,B,B,B,A,A,A,A,A,A,A,A,A,A,A,A,A,A,A,A,A,A,A,A,A,A,A,A,A,A,A,A,A,A,A,A,A,A,A,A,A,A,A,A,A,A,A,A,A,A,A,A,A,A,A,A,A,A,A,A,A,A,A,A,A,A,A,A,A,A,A,A,A,A,A,A,A,A,A,A,A,A,A,A,A,A,A,A,A,A
71.1962,79.1498,86.3126,B,B,B,B,B,B,B,B,B,B,B,B,B,B,B,B,B,A,A,A,A,A,A,A,A,A,B,B,B,B,B,B,B,B,B,B,B,B,B,B,B,B,B,B,B,B,B,A,A,A,A,A,A,A,A,A,A,A,A,A,A,A,A,A,A,A,A,A,B,B,B,B,B,B,B,B,B,B,B,B,B,B,A,A,A,A,A,A,A,A,A,A,A,A,A,A,A,A,A,A,A,A,A,A,A,A,A,A,A,A,A,A,A,A,A,A,A,A,A,A,A,B,B,B,B,B,B,B,B,B,B,B,A,A,A,A,A,A,A,A,A,A,A,A,A,A,A,A,B,B,B,B,B,B,B,B,B,B,B,A,A,A,A,A,A,A,A,A,A,A,A,A,A,A,A,A,A,A,A,A,A,A,A,A,A,A,A,A,B,B,B,B,B,B,B,B,B,B,B,B,B,B,B,B,B,B,B,B,B,B,B,B,B,B,B,B,B,B,B,A,A,A,A,A,A,A,A,A,A,A,*,A,A,A
63.1514,74.1938,80.8741,B,A,A,A,A,A,A,A,A,A,A,A,B,B,B,B,B,B,B,B,B,B,B,B,A,A,A,A,A,A,A,A,A,A,A,A,A,A,A,A,A,A,A,A,A,A,A,A,A,A,A,A,A,A,A,B,B,B,B,B,A,A,A,A,A,A,B,B,A,A,A,A,A,A,A,A,A,A,A,A,A,A,A,A,A,A,A,A,A,A,A,A,A,A,A,A,A,A,A,A,A,A,A,A,A,A,A,A,A,A,A,A,A,A,A,A,A,A,A,A,A,A,A,A,A,A,A,A,A,A,A,A,A,B,B,B,B,B,B,B,B,B,B,B,B,B,B,B,B,B,B,B,B,B,B,B,B,B,B,B,B,B,B,B,B,B,B,B,B,B,B,B,B,B,B,B,B,B,B,B,A,A,A,A,A,A,A,A,A,A,A,B,B,B,B,B,B,B,B,B,B,B,B,B,A,A,A,A,A,B,B,B,B,B,B,B,B,B,B,B,B,B,B,B,B,B,B,B,B,B,B,B,B,B
54.63890909,65.981,74.95754545,B,A,A,A,A,A,A,A,A,A,A,A,A,A,A,A,A,A,B,B,B,B,B,B,B,B,A,A,A,A,A,A,A,A,A,A,A,A,A,A,A,A,A,A,A,A,A,B,B,B,B,B,B,B,B,B,B,B,B,B,A,A,A,A,A,A,A,A,B,B,B,B,B,B,B,B,B,B,B,B,B,B,A,A,A,A,A,A,A,A,A,A,A,A,A,A,A,A,A,A,A,A,A,A,A,A,A,A,A,A,A,A,B,B,B,B,B,B,B,B,B,B,B,B,B,B,B,B,B,B,B,B,A,A,A,A,A,A,A,A,A,A,A,A,A,A,A,A,A,A,A,A,A,A,A,A,A,A,A,A,A,A,A,A,A,A,A,B,A,A,A,A,A,A,B,B,B,B,B,B,B,B,B,B,B,B,B,B,B,B,B,B,B,B,B,B,B,B,B,B,B,B,B,B,B,B,B,B,*,*,*,*,*,B,B,B,B,B,B,B,B,B,*,*,*,*,B,B,B,B,B,B,B,B
84.67576471,92.45741176,97.93317647,A,A,A,A,A,A,A,A,A,A,A,A,A,A,A,A,A,A,A,A,A,A,A,A,A,A,B,B,B,B,B,B,B,B,B,B,B,B,B,B,B,B,B,B,B,B,B,B,B,B,B,B,B,B,B,B,B,B,B,B,B,B,B,B,B,B,A,A,A,A,A,A,A,A,A,A,A,A,A,A,A,A,A,A,A,A,B,B,B,B,B,B,B,B,B,B,B,B,B,B,B,B,B,B,B,B,B,A,A,A,A,A,A,A,A,B,B,B,B,B,B,B,B,B,B,B,B,B,B,B,B,B,A,A,A,A,A,A,A,A,A,A,A,A,A,A,A,A,A,A,A,A,A,A,A,A,A,A,A,A,B,B,A,A,A,A,A,A,A,A,A,A,A,A,A,A,A,A,A,A,A,A,A,A,A,A,A,A,A,A,A,A,A,A,A,A,A,A,A,A,A,A,A,A,A,A,A,A,A,A,A,A,A,A,A,A,A,A,A,A,A,A,A,A,A,A,A,A,A,A,A,A,A,A
79.63289474,86.35626316,90.98852632,A,A,A,A,A,A,A,A,B,B,B,B,*,B,B,B,A,A,A,A,A,B,B,B,B,B,A,A,A,A,A,A,A,A,A,A,A,A,A,A,A,A,A,*,A,A,A,A,A,A,A,A,A,A,A,A,A,*,A,A,A,A,A,A,A,A,A,A,A,A,A,A,A,A,A,A,A,A,A,A,A,A,A,A,B,B,A,A,A,A,A,A,A,A,A,A,A,A,A,A,A,A,A,A,A,A,A,A,A,A,A,A,A,A,A,A,A,A,B,*,B,B,B,B,B,B,B,B,B,B,B,B,A,A,A,A,A,A,A,A,A,A,A,A,A,A,A,A,A,B,B,B,B,B,B,B,B,B,B,B,B,B,B,B,B,B,B,A,A,A,A,*,A,A,A,A,A,A,A,A,A,A,A,B,B,B,B,B,B,A,A,A,A,A,A,A,A,A,A,A,A,A,A,A,A,A,A,A,A,A,A,A,A,A,A,A,A,A,A,A,A,A,A,A,A,A,A,A,A,A,*,A,A,A
90.992,105.067,115.2688571,B,B,B,B,B,B,B,B,A,A,A,A,A,A,A,A,A,A,A,B,B,B,B,B,A,A,A,A,B,B,B,B,B,B,B,B,B,B,B,B,B,B,B,B,B,B,B,B,B,B,B,B,B,B,B,B,B,B,B,B,B,B,B,B,B,B,B,B,A,A,A,A,A,A,A,A,A,A,A,A,A,A,A,A,B,B,B,B,B,B,B,B,B,B,B,B,B,B,B,B,B,B,B,B,B,B,B,B,B,B,B,B,B,B,B,B,B,B,B,B,B,B,B,B,B,B,B,A,A,A,A,A,A,A,A,A,A,A,A,A,A,A,A,A,A,A,A,A,A,A,A,A,A,A,A,A,A,A,A,B,B,B,B,B,B,B,B,A,A,A,A,A,A,A,A,A,A,A,A,A,A,A,A,A,A,A,A,A,A,A,A,A,A,A,A,A,A,A,A,A,A,A,A,A,A,A,A,A,A,B,B,B,B,B,B,B,B,B,B,B,B,B,B,B,B,B,B,B,B,B,B,B,B,B
70.8834,80.57726667,88.65233333,B,B,B,B,B,B,B,B,A,A,A,A,A,A,*,A,A,A,A,A,A,A,A,A,A,A,B,B,B,B,B,B,B,B,B,B,B,B,B,B,B,B,B,B,B,B,B,B,B,B,B,B,B,B,B,A,A,A,A,A,A,A,A,A,A,A,A,A,A,A,A,A,A,A,A,A,A,A,A,A,A,A,A,A,A,A,A,A,A,A,A,A,A,A,A,A,A,A,A,A,A,A,A,A,A,A,A,A,A,A,A,A,A,A,A,B,B,B,B,B,B,B,B,B,B,B,B,B,B,B,B,B,A,A,A,A,A,A,A,A,A,A,A,A,A,A,A,A,A,A,B,B,B,B,B,B,B,B,B,B,B,B,B,B,B,B,B,B,B,B,B,A,A,A,A,B,B,B,A,A,A,A,A,A,A,A,A,A,A,A,A,A,A,A,A,A,A,A,A,A,A,A,A,A,A,A,A,A,A,A,A,A,A,A,A,A,A,A,A,A,A,A,A,A,A,A,A,A,A,A,A,A,A,A
78.4576,89.091,98.4755,A,A,A,B,B,B,B,B,B,B,B,B,B,B,B,B,B,B,B,B,B,B,B,B,B,B,B,B,B,B,B,B,B,B,B,B,B,B,B,B,B,B,B,B,B,B,B,B,B,B,B,B,B,B,B,B,B,B,B,B,A,A,A,A,A,A,A,A,B,B,B,B,B,B,B,B,B,B,B,B,B,B,B,B,B,B,B,B,B,B,B,B,A,A,A,A,A,A,A,A,A,A,A,A,A,A,A,A,A,A,A,A,A,A,A,A,A,A,A,A,A,A,A,A,A,A,A,A,A,A,A,A,A,A,A,A,A,A,A,A,A,A,A,A,A,A,A,A,A,A,A,A,A,A,A,A,A,A,A,A,A,A,A,A,A,A,A,B,B,B,B,B,B,B,B,B,B,B,B,B,A,A,A,A,A,A,B,B,B,B,B,B,B,B,B,B,B,B,B,B,B,B,B,B,B,B,B,B,B,B,B,B,B,B,B,B,B,B,B,B,B,B,B,B,B,B,B,B,B,B,B,B,B,B
71.68161538,78.72438462,82.95146154,B,B,B,B,B,*,*,*,*,*,B,B,B,B,A,A,A,A,A,A,A,A,A,A,*,A,A,A,*,A,A,A,A,A,A,A,A,A,A,A,A,A,B,B,B,B,B,B,B,B,B,B,B,B,B,B,B,B,B,B,A,A,A,A,A,A,A,A,B,B,B,B,B,B,B,B,B,B,B,B,B,B,A,A,A,A,A,A,A,A,A,A,A,A,A,A,A,A,A,A,A,A,A,A,A,A,A,A,A,A,A,A,B,B,B,B,B,B,B,B,B,B,B,B,A,A,A,A,A,A,B,B,A,A,A,A,A,A,A,A,A,A,A,A,A,A,A,A,A,A,A,A,A,A,B,B,B,B,B,B,B,B,B,B,B,B,B,A,B,B,B,A,A,A,A,A,A,A,B,B,B,B,B,B,B,B,B,B,B,B,B,B,B,*,B,B,B,B,B,B,B,B,B,B,A,A,A,A,A,A,A,A,A,A,A,A,A,A,A,A,A,A,A,A,A,A,A,A,A,A,A,A,A,A
73.67881818,83.202,91.70409091,A,A,A,A,A,A,A,A,A,A,A,A,A,A,A,A,A,A,A,A,B,B,B,B,B,B,B,B,B,B,B,B,B,B,B,B,B,B,B,B,B,B,B,B,B,B,B,B,B,B,B,B,B,B,B,B,B,B,B,B,B,B,B,B,B,B,B,B,A,A,B,B,B,B,B,B,B,B,B,B,B,B,B,B,B,A,A,A,A,A,A,A,A,A,A,A,A,A,A,A,A,A,A,A,A,A,A,A,A,A,A,A,A,A,A,A,A,A,A,A,A,A,A,A,A,A,A,A,A,A,A,A,B,B,B,B,B,B,B,B,B,B,B,B,B,B,B,B,B,B,B,B,B,B,B,B,B,B,B,B,B,B,B,B,B,B,B,A,A,A,A,A,A,A,A,A,A,A,A,A,A,A,A,A,A,A,A,A,A,A,A,A,A,A,A,A,A,A,A,A,A,A,A,A,A,A,A,A,A,A,A,A,A,A,A,A,A,A,A,A,A,A,A,A,A,A,A,A,A,A,A,A,A,A
88.73630769,94.22153846,98.22569231,A,A,A,A,A,A,A,A,A,A,A,A,B,B,B,B,B,B,B,B,B,B,B,B,A,B,A,A,A,A,A,A,A,A,A,A,A,A,A,A,A,A,A,A,A,A,A,A,A,A,A,A,A,A,A,A,A,A,A,A,A,A,A,A,A,A,A,A,B,B,A,A,A,A,A,A,A,A,A,A,A,A,A,A,A,A,A,A,A,A,A,A,A,A,A,A,A,A,A,A,A,A,A,A,A,A,A,A,A,A,A,A,A,A,A,A,A,A,A,A,A,A,A,A,A,A,A,A,A,A,A,A,A,A,A,A,A,A,A,A,A,A,A,A,A,A,A,A,A,A,A,A,A,A,A,A,A,A,A,A,A,A,A,A,A,A,A,B,B,B,B,B,B,B,B,B,B,B,B,B,B,B,B,B,B,B,B,B,B,B,B,B,B,B,B,B,B,B,B,B,B,B,B,B,B,B,B,B,B,B,B,B,B,B,B,B,B,B,B,B,B,B,B,B,B,B,B,B,B,B,*,B,B,B
83.643875,97.6773125,107.466,A,A,A,A,A,A,A,A,A,A,A,A,A,A,A,A,A,A,A,A,A,B,B,B,B,B,B,B,B,B,B,B,B,B,B,B,B,B,B,B,B,B,B,B,B,B,B,B,B,B,B,B,B,B,B,B,B,B,B,B,B,B,B,B,B,B,B,B,A,A,A,A,A,A,A,A,A,A,A,A,A,A,A,A,A,A,A,A,A,A,A,A,A,A,A,A,A,A,A,A,A,A,A,A,A,A,A,A,A,A,A,A,A,A,A,A,A,A,A,A,A,A,A,A,A,B,B,B,B,B,B,B,B,B,B,B,B,B,B,B,B,B,B,B,B,B,B,B,B,B,B,B,B,B,B,B,B,A,A,A,A,A,A,A,A,A,A,A,A,A,A,A,A,A,A,B,B,B,B,B,B,B,B,A,A,A,A,A,A,A,A,A,A,A,A,A,A,A,A,A,A,A,A,A,A,A,A,A,A,A,A,A,A,A,A,A,A,A,A,A,A,B,B,B,B,B,B,B,B,B,B,A,A,A
91.46410526,107.7989474,118.772,B,B,B,B,B,B,B,B,A,A,A,A,A,A,A,A,A,A,A,A,B,B,B,B,B,B,A,A,A,A,A,A,A,A,A,A,A,A,A,A,A,A,B,B,B,B,B,B,B,B,B,B,B,B,B,B,B,B,B,B,B,B,B,B,B,B,A,A,A,A,A,A,A,A,A,A,A,A,A,B,B,B,B,B,B,B,B,B,B,B,B,B,A,A,A,A,A,A,A,A,A,A,A,A,A,A,A,A,A,A,A,A,A,A,A,A,A,A,A,A,A,A,A,A,A,A,A,B,B,B,B,B,B,B,B,B,B,B,B,B,B,B,B,B,B,B,B,B,B,B,A,A,A,A,A,A,A,A,A,A,A,A,A,A,A,A,A,A,A,A,A,A,A,A,A,A,A,A,A,A,A,A,A,A,A,A,A,A,A,A,A,A,A,A,A,A,A,A,A,A,A,A,A,A,A,A,A,A,A,A,A,A,A,A,A,A,A,A,A,A,A,A,A,A,A,A,A,A,A,A,A,A,A,A
80.28376471,87.36847059,92.687,A,A,A,A,A,A,A,A,A,A,A,A,A,A,A,A,A,A,A,A,A,B,B,B,A,A,B,B,B,B,B,B,B,B,B,B,B,B,B,B,B,B,B,B,B,B,B,B,B,B,B,B,B,B,B,B,B,B,B,B,B,B,B,B,B,B,B,B,B,A,A,A,A,A,A,A,A,A,A,A,A,A,A,A,A,A,A,A,A,A,A,A,A,A,A,A,A,A,A,A,A,A,A,A,A,A,A,A,A,A,A,A,A,A,A,A,A,A,A,A,A,A,A,A,A,A,A,A,A,A,A,A,B,B,B,B,B,B,B,B,B,B,B,B,B,B,B,B,B,B,B,B,B,B,A,A,A,A,A,A,A,A,A,A,A,A,A,B,B,B,B,B,B,B,B,B,B,B,B,B,B,B,B,B,B,B,B,B,B,B,B,B,B,B,B,B,B,B,B,B,B,B,B,B,B,B,B,B,B,B,B,B,B,B,B,B,B,B,B,B,B,B,B,B,B,B,B,B,B,B,*,B,B,B
83.45645455,95.97518182,105.6989091,B,B,B,B,B,B,B,B,B,B,A,A,A,A,A,A,A,B,B,B,B,B,B,B,B,B,B,B,B,B,B,*,B,B,B,A,A,A,A,A,A,A,A,A,A,A,A,A,A,A,A,A,A,B,B,B,B,B,B,B,B,B,B,B,B,B,B,B,B,B,B,B,B,B,A,A,A,A,A,A,A,A,A,A,A,A,A,A,A,A,A,A,A,A,A,A,A,A,A,A,A,A,A,A,A,A,A,A,A,A,A,A,A,A,A,A,A,A,A,A,A,A,A,A,A,A,A,A,A,A,A,A,B,B,B,B,B,B,B,B,B,B,B,B,B,B,B,B,B,B,B,B,B,B,A,A,A,A,A,A,A,A,A,A,A,A,A,A,A,A,A,A,A,A,A,A,A,A,A,A,A,A,A,A,A,A,A,A,A,A,A,A,A,A,A,A,A,A,A,A,A,A,B,B,B,B,B,B,B,B,B,B,B,B,B,B,B,B,B,B,B,B,B,B,A,A,A,A,A,A,A,A,A,A
67.86825,81.2066875,91.6853125,B,B,B,B,B,A,A,A,A,A,A,A,A,A,A,A,A,A,A,A,A,A,B,B,B,B,A,A,A,A,A,A,A,A,A,A,A,A,A,A,A,A,A,A,A,A,A,A,A,A,A,A,A,A,A,A,A,A,A,A,A,A,A,A,A,A,A,A,A,A,A,A,A,A,A,A,A,A,A,A,A,A,A,A,A,A,A,A,A,A,A,A,A,A,A,A,A,A,A,A,A,A,A,A,A,A,A,A,A,A,A,A,A,A,A,A,A,A,B,B,B,B,B,B,B,B,B,B,B,B,B,B,B,B,B,B,B,B,B,B,B,B,B,B,B,B,B,B,B,B,B,B,B,B,B,B,B,B,B,B,A,A,A,A,A,A,B,B,B,B,B,B,B,B,B,B,B,B,B,B,B,B,B,B,B,B,B,B,B,B,B,B,B,B,B,B,B,B,B,B,B,B,B,B,B,B,A,A,A,A,A,A,A,A,A,A,A,A,A,A,A,A,A,A,A,A,B,B,B,B,B,B,B,B
75.80964286,88.93335714,98.39885714,B,B,B,B,B,B,B,B,B,B,B,B,B,B,A,A,A,A,A,A,A,A,B,B,A,A,A,A,A,A,A,A,A,A,A,A,A,A,A,A,A,A,A,A,A,A,A,A,A,A,A,A,A,A,A,A,A,A,A,A,A,A,A,A,A,A,A,A,A,A,A,A,A,A,A,A,A,A,A,A,A,A,A,A,B,B,B,B,B,B,B,B,B,B,B,B,B,B,B,B,B,B,B,B,B,B,B,B,B,A,A,A,A,A,A,A,A,A,B,B,B,B,B,B,B,B,B,B,B,B,B,B,B,A,A,A,A,A,A,A,A,B,B,B,B,B,B,B,B,B,B,B,B,B,B,B,B,B,B,B,B,B,B,B,B,B,B,A,A,A,A,A,A,A,A,A,A,A,A,A,A,A,A,A,A,A,A,A,A,A,A,A,A,A,A,A,A,A,A,A,A,A,A,A,A,A,A,A,B,B,B,B,B,B,B,B,B,B,B,B,B,B,B,B,B,B,B,B,B,B,B,B,B,B
73.5588,83.78053333,90.90233333,B,B,*,B,B,B,B,B,B,B,B,B,B,B,B,A,A,A,A,A,A,A,A,A,A,A,A,B,B,B,B,B,B,B,B,B,B,B,B,B,B,B,B,B,B,B,B,B,B,B,B,B,B,B,B,B,B,B,B,B,B,B,B,B,B,B,B,B,A,A,A,A,A,A,B,B,B,B,B,B,B,B,B,B,B,B,B,B,B,B,B,B,B,B,B,B,B,B,B,B,B,B,B,B,B,B,B,B,B,B,B,B,B,B,B,B,B,B,A,A,A,A,A,A,A,A,A,A,A,A,A,A,B,B,A,A,A,A,A,A,A,A,A,A,A,A,A,A,A,A,A,A,A,A,B,B,B,B,B,B,B,B,B,B,A,A,A,A,A,A,A,A,A,A,A,A,A,A,A,A,A,A,A,A,A,A,A,A,A,A,A,A,A,A,A,A,A,A,A,A,A,A,A,A,A,A,A,A,A,A,A,A,A,A,A,A,A,A,A,A,A,A,A,A,A,A,B,B,B,B,B,B,B,B
86.48471429,97.1215,103.4464286,A,A,A,A,A,A,A,A,A,A,A,A,A,A,A,A,A,B,B,B,B,B,B,A,A,A,A,B,B,B,B,B,B,B,B,B,B,B,B,B,B,B,B,B,B,B,B,B,B,B,B,B,B,B,B,B,B,B,B,B,B,B,B,B,B,B,B,B,A,A,A,A,A,A,A,A,A,A,A,A,A,A,A,A,A,B,B,B,B,B,B,B,B,B,B,B,B,B,B,B,B,B,B,B,B,B,B,B,B,B,B,B,B,B,B,B,B,B,B,B,B,B,B,B,B,B,B,B,B,B,B,B,A,B,B,B,B,B,B,B,B,B,B,B,B,B,B,B,B,B,B,B,B,B,B,B,B,B,B,B,B,B,A,A,A,A,A,B,B,A,A,A,A,A,A,A,A,A,A,A,A,A,A,A,B,B,B,B,B,B,B,B,B,B,B,B,B,B,B,B,B,B,B,B,B,B,A,A,A,A,A,A,A,A,A,A,A,A,A,A,A,A,B,B,B,B,B,B,B,B,B,B,B,B
88.3051,99.2594,102.4802,A,A,A,A,A,A,A,A,A,A,A,A,A,A,A,A,A,A,A,A,A,A,A,A,A,A,A,A,B,B,B,B,B,B,B,B,B,B,B,B,B,B,B,B,B,B,B,A,A,A,A,A,A,A,A,A,A,A,A,A,A,A,A,A,A,A,A,A,A,A,A,A,A,A,A,A,A,A,A,A,A,A,A,A,A,B,B,B,B,B,B,B,B,B,B,B,B,B,B,B,B,B,B,B,B,B,B,B,B,B,B,B,B,B,B,B,B,B,A,A,A,A,A,A,A,A,A,A,A,A,A,A,B,B,B,B,B,B,B,B,B,B,B,B,B,B,B,B,B,B,B,B,B,B,B,B,A,A,A,A,A,A,A,A,A,A,A,A,A,A,A,A,A,A,A,A,A,A,B,B,B,B,B,B,B,A,A,A,A,A,A,A,A,A,A,A,A,A,A,A,A,A,A,A,A,A,A,A,A,B,B,B,B,B,B,B,B,B,B,B,B,B,B,B,B,B,B,B,B,B,B,B,B,B
80.74841667,91.20466667,98.25883333,A,A,A,A,A,A,A,A,A,A,A,A,A,A,A,A,A,A,A,A,A,A,A,B,B,B,A,B,B,B,B,B,B,B,B,B,B,B,B,B,B,B,B,B,B,B,B,B,B,B,B,B,B,A,A,A,A,A,A,A,A,A,A,A,B,B,B,B,A,A,A,A,A,A,A,A,A,A,A,A,A,A,A,A,A,A,A,A,A,A,A,B,B,B,B,B,B,B,B,B,B,B,B,B,B,A,A,A,A,A,A,A,A,A,A,A,A,A,A,A,A,A,A,A,A,A,A,A,A,A,A,A,B,B,B,B,B,B,B,B,B,B,B,B,B,B,B,B,B,B,B,B,B,B,B,B,B,B,B,B,B,B,B,B,B,B,B,A,A,A,A,A,A,A,A,A,A,B,B,B,B,B,B,B,B,B,B,B,B,B,B,B,B,B,B,B,B,B,B,B,B,B,B,B,B,B,B,B,B,B,B,B,B,B,B,B,B,B,B,B,B,B,B,B,B,B,B,B,B,B,B,A,A,A
64.275875,72.870625,79.451125,A,A,A,B,B,B,B,B,B,B,B,B,B,B,A,A,A,A,A,A,A,A,A,A,A,A,A,A,A,A,A,A,A,A,A,A,A,A,A,A,A,A,A,A,B,B,A,A,A,A,A,A,A,A,A,A,A,A,A,A,A,A,A,A,A,A,B,B,B,A,A,A,A,A,A,A,A,A,A,A,A,A,A,A,A,A,A,A,A,A,A,A,A,A,A,A,A,A,A,A,A,A,A,A,A,A,A,A,A,A,A,A,A,A,A,A,A,A,A,A,A,A,A,A,A,A,A,A,A,A,A,A,B,B,B,B,B,B,B,B,B,B,B,B,B,B,B,B,B,B,B,B,B,B,B,B,B,B,B,B,B,B,B,B,B,B,B,A,A,A,A,A,A,A,A,A,A,A,A,A,A,A,A,A,A,A,A,A,A,A,A,A,A,A,A,A,A,A,A,A,A,A,A,A,A,A,A,A,A,A,A,A,A,A,A,A,A,A,A,A,A,A,A,A,A,A,A,A,A,A,A,A,A,A
70.78016667,79.38494444,86.57805556,B,B,B,B,B,B,B,B,B,B,B,B,B,B,B,B,B,B,B,B,B,B,B,B,B,B,B,B,B,B,B,B,B,B,B,B,B,B,B,B,B,B,B,B,B,B,B,B,B,B,B,A,A,A,A,*,A,A,A,A,A,A,A,A,A,A,A,A,A,A,A,A,A,A,A,A,A,A,A,A,A,A,A,A,A,A,A,A,A,A,A,A,A,A,A,A,A,A,A,B,B,B,B,B,B,B,B,B,B,B,B,B,B,B,B,B,B,B,B,B,B,B,B,B,B,B,B,B,B,B,B,B,B,B,B,B,B,B,B,B,B,B,B,B,B,B,B,B,B,B,B,B,B,B,B,B,B,B,B,B,A,A,A,A,A,A,B,A,B,B,B,B,B,B,B,B,B,B,B,B,B,B,B,B,B,B,B,B,B,B,B,B,B,B,B,B,B,B,B,B,B,B,B,B,A,A,A,A,A,A,A,A,A,A,A,A,A,A,A,A,A,A,A,A,B,B,B,B,B,B,B,B,B,B
72.62735714,82.15478571,90.21871429,A,A,A,B,B,B,B,B,B,B,B,B,B,B,B,B,A,A,A,A,A,A,A,A,A,B,B,B,B,B,B,B,B,B,B,B,B,B,B,B,B,B,B,B,B,B,A,A,A,A,A,A,A,A,A,A,A,A,A,A,A,A,A,A,A,A,A,A,A,A,A,A,A,A,A,A,A,A,A,A,A,A,A,A,A,A,A,A,A,A,A,A,A,A,A,A,A,A,A,A,A,A,A,A,A,A,A,A,A,*,*,*,*,*,A,A,A,A,A,A,A,A,A,A,A,A,A,A,A,A,A,A,*,B,B,B,B,B,B,B,B,B,B,B,B,B,B,B,B,B,B,B,B,B,B,B,B,B,B,B,B,B,B,B,B,B,B,B,B,A,A,A,A,A,A,A,A,A,A,A,A,A,A,A,A,A,A,A,A,A,A,A,A,A,A,A,A,A,A,A,A,A,A,A,A,A,A,A,A,A,A,A,A,A,A,A,A,A,A,A,A,A,A,A,A,A,A,A,A,A,A,A,A,A
78.04227273,89.83027273,96.468,*,A,A,A,A,A,B,B,B,B,B,B,B,B,B,B,B,A,A,A,A,A,B,B,B,B,A,A,A,A,A,A,A,A,A,A,A,A,A,A,A,A,A,A,A,A,A,A,A,A,A,A,A,A,B,B,B,B,B,B,B,B,B,B,B,B,B,B,A,A,A,A,A,A,A,A,A,A,A,A,A,A,A,A,A,A,A,A,A,A,A,A,A,A,A,A,A,A,A,A,A,A,A,A,A,A,A,A,A,A,A,A,B,B,B,B,B,B,B,B,B,B,B,B,B,B,B,B,B,B,B,B,A,A,A,A,A,A,A,A,A,A,A,A,A,A,A,A,A,A,A,A,A,A,A,A,A,A,A,A,A,A,A,A,A,A,A,A,B,B,*,*,*,B,B,B,*,*,*,*,B,B,B,B,B,B,B,B,B,B,B,B,B,B,B,B,B,B,B,B,B,B,B,B,B,B,B,B,B,B,B,B,B,B,B,B,B,B,B,B,B,B,A,A,A,A,A,A,A,A,*,A,A,A
81.8024375,95.5445625,105.1944375,A,A,A,A,A,A,A,A,A,A,A,A,A,A,A,B,B,B,B,B,B,B,B,B,B,A,B,B,A,A,A,A,A,A,A,A,A,A,A,A,A,A,A,A,A,A,A,A,A,A,A,A,A,A,A,A,A,A,A,A,A,A,A,A,A,A,A,A,A,A,A,A,A,A,A,A,A,A,A,A,A,A,A,A,A,A,A,A,A,A,A,A,A,A,A,A,A,A,A,A,A,A,A,A,A,A,A,A,A,A,A,A,A,A,B,B,B,B,A,A,A,A,A,A,B,B,B,B,B,B,B,B,B,B,B,B,B,B,B,B,B,B,B,B,B,B,B,B,B,B,B,B,B,B,B,B,B,B,B,B,B,B,B,B,B,A,A,B,B,B,A,A,A,A,A,A,A,A,A,A,A,A,A,A,A,A,A,A,A,A,A,A,A,A,A,A,A,A,A,A,A,A,A,A,A,A,A,A,A,A,A,A,A,A,A,A,A,A,A,A,A,B,B,B,B,B,B,B,B,B,B,B,B,B
93.49321429,109.6984286,121.1657143,B,B,B,B,B,B,B,B,B,B,B,B,B,B,A,A,A,A,A,A,A,A,A,A,A,A,B,B,A,A,A,A,A,A,A,A,A,A,A,A,A,A,A,A,A,A,A,A,A,A,A,A,A,A,B,B,B,B,B,B,B,B,B,B,B,B,B,B,A,A,A,A,A,A,A,A,A,A,*,A,A,A,A,A,A,A,A,A,A,A,A,A,A,A,A,A,A,A,A,A,A,A,A,A,A,A,A,A,A,A,A,A,A,A,A,A,A,A,A,A,A,A,A,A,A,A,A,A,A,A,*,*,B,B,B,B,B,B,B,B,B,B,B,B,B,B,B,B,A,A,A,A,A,A,A,A,A,A,A,A,A,A,A,A,A,A,*,A,A,A,A,A,A,A,A,A,A,A,A,A,A,A,A,A,A,A,A,A,A,A,A,A,A,A,A,A,A,A,A,A,A,A,A,A,A,A,A,A,A,A,A,A,A,A,A,A,A,A,A,A,A,A,A,A,A,A,A,A,B,B,B,B,B,B
87.71941667,95.47058333,99.96408333,B,B,B,B,B,B,B,B,A,A,A,A,A,A,A,A,A,A,A,A,A,A,A,A,A,A,B,B,B,B,B,B,B,B,B,B,B,B,B,B,B,B,B,B,B,B,B,A,A,A,A,A,A,A,A,A,A,A,A,A,A,A,A,A,A,A,A,A,B,B,B,B,B,B,B,B,B,B,B,A,A,A,A,A,A,A,A,A,A,A,A,A,A,A,A,A,A,A,A,A,A,A,A,A,A,A,A,A,A,A,A,A,A,A,A,A,A,A,A,A,A,A,A,A,A,A,A,A,A,A,A,A,A,B,B,B,B,B,B,B,B,B,B,B,B,B,B,B,B,B,A,A,A,A,A,A,A,B,B,B,B,B,A,A,B,B,B,A,A,A,A,A,A,A,A,A,A,A,A,A,A,A,A,A,A,A,A,A,A,A,A,A,A,A,A,A,A,A,A,A,A,A,A,A,A,A,A,A,A,A,A,A,A,A,A,A,A,A,A,A,A,A,A,A,B,B,B,B,B,B,B,B,B,B
69.79725,81.34583333,91.19541667,*,*,*,B,B,B,B,B,B,B,B,A,A,A,A,A,A,A,A,A,A,A,B,B,B,B,A,A,A,A,A,A,A,A,A,A,A,A,A,A,A,A,A,A,A,A,A,A,A,A,A,A,A,A,A,A,B,B,B,B,B,B,B,B,A,A,*,*,B,B,B,B,B,B,B,B,B,B,B,*,*,*,*,*,A,A,A,A,B,B,B,B,B,B,B,B,B,B,B,B,B,B,B,B,B,B,B,B,B,B,B,B,B,B,B,B,B,B,B,B,B,B,B,B,B,B,B,B,B,B,B,B,A,A,A,A,A,A,A,A,A,A,A,A,A,A,A,A,A,A,A,A,A,A,A,A,A,A,A,A,A,A,A,A,A,B,B,A,A,A,A,A,A,A,*,A,A,A,A,A,A,A,A,A,A,A,A,A,A,A,A,A,A,A,A,A,A,A,A,A,A,A,A,A,A,A,A,A,A,A,A,A,A,A,A,A,A,A,A,A,A,A,A,A,A,A,A,A,A,A,A,B,B,B
69.7989,81.1023,90.0119,B,A,A,A,A,B,B,B,B,B,B,B,B,B,B,B,B,B,B,B,B,B,B,B,B,B,B,B,A,A,A,A,A,A,A,A,A,A,A,A,A,A,A,A,A,A,A,*,A,*,A,A,A,A,A,A,A,A,A,A,A,A,A,A,A,A,A,*,B,B,B,B,B,B,A,A,A,A,A,A,A,A,A,A,A,A,A,A,A,A,A,A,B,B,B,B,B,B,B,B,B,B,B,B,B,B,B,B,B,B,B,B,B,B,A,A,A,A,A,A,A,A,A,A,A,A,A,A,A,A,A,A,B,B,B,B,B,B,B,B,B,B,B,B,B,B,B,B,A,A,A,A,A,A,A,A,A,A,A,A,A,A,A,A,A,*,A,B,B,B,B,A,A,A,*,A,A,B,B,B,B,B,B,B,B,B,B,B,B,B,B,B,B,B,B,B,B,B,B,B,B,B,A,A,A,A,A,A,A,A,A,A,A,A,A,A,A,A,A,A,A,A,A,A,A,A,A,A,A,A,A,A,A,A
70.95426667,80.94706667,86.93846667,A,A,A,A,A,A,A,A,A,A,A,A,A,A,A,A,A,A,A,A,A,A,B,B,B,B,B,B,B,B,B,B,B,B,B,B,B,B,B,B,B,B,B,B,B,B,B,B,B,B,B,A,A,A,A,A,A,A,A,A,A,A,A,A,A,A,A,A,A,A,A,A,A,A,A,A,A,A,A,A,A,A,A,A,A,A,A,A,B,B,B,B,B,B,B,B,B,B,B,B,B,B,B,B,B,B,B,B,B,B,B,B,B,B,B,B,B,B,B,B,B,B,B,B,B,B,B,B,B,A,A,A,B,B,B,B,B,B,B,B,B,B,B,B,B,B,B,B,B,B,B,B,B,B,B,B,B,B,B,B,B,B,A,A,A,A,A,A,A,A,A,A,A,A,*,B,B,B,B,B,B,B,B,B,B,B,B,B,B,B,B,B,B,B,B,B,B,B,B,B,B,B,B,B,B,B,B,B,A,A,A,A,A,A,A,A,A,A,A,A,A,A,A,A,A,A,A,A,A,A,A,A,A,A
73.42316667,83.35608333,90.06125,B,B,B,B,B,B,B,B,B,B,B,B,B,B,B,B,B,B,B,B,B,B,B,B,B,B,B,B,B,B,B,B,B,B,B,B,B,B,B,B,B,B,B,B,B,B,B,B,B,B,B,B,B,B,B,B,B,B,B,B,B,B,B,B,A,A,A,A,B,B,A,A,A,A,A,A,A,A,A,A,A,A,A,A,A,A,A,A,A,A,A,A,A,A,A,A,A,A,A,A,A,A,A,A,A,A,A,A,A,A,A,A,A,A,A,A,A,A,A,A,A,A,A,A,A,A,A,A,A,A,A,A,A,A,A,A,A,A,A,A,A,A,A,A,A,A,A,A,B,B,B,B,B,B,B,B,B,A,A,A,A,A,A,A,A,A,A,A,A,A,A,A,A,A,A,A,A,A,A,A,A,A,A,A,A,A,A,A,A,A,A,A,A,A,A,A,A,A,A,A,A,A,A,A,A,A,A,A,A,A,B,B,B,B,B,B,B,B,B,B,B,B,B,B,B,B,A,A,A,A,A,A,A,A
85.15006667,93.8412,100.3720667,A,A,B,B,B,B,B,B,B,B,B,B,B,B,A,A,A,A,A,A,A,A,A,A,A,A,A,A,A,A,A,A,A,A,A,A,A,A,A,A,A,A,A,A,A,A,A,A,A,A,A,A,A,A,A,A,A,A,A,A,A,A,A,A,A,A,A,A,B,B,B,B,B,B,B,B,B,B,B,B,B,B,B,B,B,B,B,B,B,B,B,B,A,A,A,A,A,A,A,A,A,A,A,A,A,A,A,A,A,A,A,A,A,A,A,A,A,A,A,A,A,A,A,A,A,A,A,A,A,A,A,A,B,B,A,A,A,A,A,A,A,A,A,A,A,A,A,A,A,A,A,A,A,A,A,A,A,A,A,A,A,A,A,A,A,A,A,A,A,A,A,A,A,A,*,*,*,*,*,*,*,*,*,*,*,B,B,B,B,B,B,*,*,*,*,*,*,*,B,B,B,A,A,A,A,A,A,A,A,A,A,A,A,A,A,A,A,A,A,A,A,A,A,A,A,A,A,A,A,A,A,A,A,A
70.66272727,79.56818182,85.25636364,A,B,B,B,A,A,A,A,A,A,A,A,A,A,A,A,A,A,A,A,A,B,B,B,A,A,A,A,B,B,B,B,B,B,B,B,B,B,B,B,B,B,B,B,B,B,B,B,B,B,B,B,B,B,B,B,B,B,B,B,B,B,B,B,B,B,B,B,B,A,A,A,A,A,A,A,A,A,A,A,A,A,A,A,A,A,A,A,A,A,A,A,A,A,A,A,A,A,A,A,A,A,A,A,A,A,A,A,A,A,A,A,A,A,*,A,A,A,A,A,A,A,A,A,A,A,A,A,A,A,A,A,A,A,B,B,B,B,B,B,B,B,B,B,B,B,B,B,B,B,B,B,B,B,B,B,B,B,B,B,B,B,B,B,B,A,A,A,A,A,A,A,A,A,A,A,A,A,A,A,A,A,A,A,A,A,A,A,B,B,B,B,B,B,B,B,B,B,B,A,A,A,A,A,A,A,A,A,A,A,A,A,A,A,A,A,A,A,A,A,A,A,A,A,B,B,B,B,B,B,B,B,B,B
69.566,77.30442857,83.45921429,B,B,B,B,B,B,B,B,A,A,A,B,B,B,B,B,B,B,B,B,B,B,B,B,B,B,B,B,B,B,B,B,B,B,B,B,B,B,B,B,B,B,B,B,B,B,B,B,B,B,B,B,B,B,B,B,B,B,B,B,B,B,B,B,B,B,A,A,A,A,A,A,A,A,A,A,A,A,A,A,A,A,A,A,A,A,*,*,*,*,*,*,B,B,B,B,B,B,B,B,B,B,B,B,B,B,B,B,B,B,B,B,B,B,B,B,B,B,B,B,B,B,B,B,B,B,B,B,B,B,B,B,A,A,A,A,A,A,A,A,A,A,A,A,A,A,B,B,B,B,B,B,B,B,B,B,B,B,B,B,B,B,B,B,B,B,B,B,B,B,B,B,B,B,B,B,B,B,B,B,B,B,B,B,B,B,B,B,B,B,B,B,B,B,B,B,B,B,B,B,B,B,B,B,B,B,A,A,A,A,A,A,A,A,A,A,A,A,A,A,A,A,A,A,A,A,A,A,A,A,A,A,A,A
69.03205556,77.54572222,84.48133333,B,A,A,A,A,A,A,A,A,A,A,A,A,B,B,B,B,A,A,A,A,A,B,B,B,B,B,B,B,B,B,B,B,B,B,B,B,B,B,B,B,B,B,B,B,B,B,B,B,B,B,B,B,B,B,B,B,B,B,B,B,B,B,B,B,B,B,B,B,B,B,B,A,A,A,A,A,A,A,A,A,A,B,B,B,B,B,B,B,B,B,B,B,B,B,B,B,B,B,B,B,B,B,B,B,B,B,B,B,B,B,B,B,B,B,B,B,B,B,B,B,B,B,B,B,B,B,B,B,B,B,B,B,B,B,B,B,B,B,B,B,B,B,B,B,B,B,B,B,B,A,A,A,A,A,A,A,A,A,A,A,A,A,A,A,A,B,B,B,A,A,*,A,B,B,B,B,B,B,B,B,B,B,B,B,B,B,B,B,B,B,B,B,B,B,B,B,B,B,B,B,B,B,B,B,B,B,B,B,A,A,A,A,A,A,A,A,A,A,A,A,A,A,A,A,A,A,A,A,A,A,A,A,A
84.4230625,94.4605625,99.0128125,B,B,B,B,B,B,B,B,B,B,A,A,A,*,A,A,A,A,A,A,A,A,A,A,A,A,A,A,A,A,A,A,A,A,A,A,A,A,A,A,A,A,A,A,A,A,A,A,A,A,A,A,A,A,A,A,A,A,A,A,*,B,B,B,B,A,A,A,A,A,A,A,A,A,B,B,B,B,B,B,B,B,B,B,B,B,B,B,B,B,B,B,B,B,B,B,B,B,B,B,B,B,B,B,B,B,B,B,B,B,B,A,A,A,A,A,A,A,A,A,A,A,A,A,A,A,A,A,A,A,A,A,B,B,B,B,B,B,B,B,B,B,B,B,B,B,B,B,A,A,A,A,A,A,A,A,A,A,A,A,A,A,A,A,A,A,A,B,B,B,B,B,B,B,B,A,A,A,A,A,A,A,A,A,A,A,A,A,A,A,A,A,A,A,A,A,A,A,A,A,A,A,A,A,A,A,A,A,A,B,B,B,B,B,B,B,B,B,B,B,B,B,B,B,B,B,B,B,B,B,B,B,B,B
94.3379,105.6156,110.8131,A,A,A,A,A,A,A,A,A,A,A,A,A,A,A,A,A,A,A,A,A,A,A,A,A,A,A,A,A,A,A,A,A,A,A,A,A,A,A,A,A,A,A,A,A,A,A,A,A,A,A,A,A,A,A,A,A,A,A,A,A,A,A,A,A,A,A,A,A,A,A,A,A,A,A,A,A,A,A,A,A,A,A,A,A,A,A,A,A,A,A,A,A,A,A,A,A,A,A,A,A,A,A,A,A,A,A,A,A,*,A,A,A,A,A,A,A,A,A,A,A,A,A,A,A,A,A,A,A,A,A,A,B,B,B,B,B,B,B,B,B,B,B,B,B,B,B,B,B,B,B,B,B,B,B,B,B,B,B,B,B,B,B,B,B,B,*,B,A,A,A,A,A,A,A,A,A,A,A,A,A,A,A,A,A,A,A,A,A,A,A,A,A,A,A,A,A,A,A,A,A,A,A,A,A,A,A,A,A,A,A,A,A,A,A,A,A,A,A,A,A,B,B,B,B,B,B,B,B,B,*,B,B,B
66.2842,74.2724,80.13295,B,B,B,B,B,B,B,B,B,B,A,A,A,A,B,B,B,B,B,B,A,A,B,B,A,A,A,A,A,A,A,A,A,A,A,A,A,A,A,A,A,A,A,A,A,A,A,A,B,B,B,B,B,B,B,B,B,B,B,B,B,B,B,B,B,A,A,A,A,A,A,A,A,A,A,A,A,A,A,A,A,A,A,A,A,B,B,B,B,B,B,B,B,B,B,B,B,B,B,B,B,B,B,B,B,B,B,B,B,B,B,B,B,B,B,A,A,A,A,A,A,A,A,A,A,A,A,A,A,A,A,A,A,A,B,B,B,B,B,B,B,B,B,B,B,B,B,B,B,B,B,B,B,B,B,B,B,B,B,B,B,B,B,B,B,B,B,B,B,B,B,B,B,B,B,B,B,B,A,A,A,A,A,A,A,A,A,A,A,A,A,A,A,A,A,A,A,A,A,A,A,A,A,A,A,A,A,A,A,A,A,A,A,A,A,A,A,A,A,A,A,A,A,A,A,A,A,B,B,B,*,B,B,B
92.67573333,105.2565333,113.0836,B,B,B,B,A,A,A,A,A,A,A,A,A,A,A,A,B,B,B,B,B,B,B,B,B,B,B,B,B,B,B,B,B,B,B,B,B,B,B,B,B,B,B,B,B,B,B,B,B,B,B,B,B,B,B,B,B,B,B,B,B,B,B,B,B,B,A,A,A,A,A,A,A,A,A,A,A,A,A,A,A,A,A,A,A,A,A,A,A,A,A,A,A,A,A,A,A,A,A,A,A,A,A,A,A,A,A,A,A,A,A,A,A,A,B,B,B,B,B,B,B,B,B,B,B,B,B,B,B,B,B,B,B,B,A,A,A,A,A,A,A,A,A,A,A,A,A,A,A,A,A,A,A,A,A,A,A,A,A,A,A,A,A,A,A,A,A,A,A,*,A,A,A,A,A,A,A,A,A,A,A,A,A,A,A,A,A,A,A,A,A,A,A,A,A,A,A,A,A,A,A,A,A,A,A,A,A,A,*,A,A,A,A,A,A,A,A,A,A,A,A,A,A,A,A,A,A,A,A,A,*,A,A,A
89.543,100.3236,107.2864,A,A,A,A,A,A,A,A,A,A,A,A,A,A,A,*,*,B,B,B,*,B,B,B,B,B,B,B,B,B,B,B,B,B,B,B,B,B,B,B,B,B,B,B,B,B,B,B,A,A,A,A,A,A,A,A,A,A,B,B,B,B,B,B,B,B,B,B,A,A,A,A,A,A,A,A,A,A,A,A,A,A,A,A,A,A,*,A,A,A,A,A,A,A,A,A,A,A,A,A,A,A,A,A,A,A,A,A,A,A,A,A,A,A,A,A,A,A,A,A,A,A,A,A,A,A,A,A,A,A,A,A,B,B,A,A,A,A,A,A,A,A,A,A,A,A,A,A,A,A,A,A,A,A,A,A,A,A,A,A,A,A,A,A,B,B,B,B,B,B,B,B,B,B,B,B,B,A,A,A,A,A,A,A,A,A,A,A,A,A,A,A,A,A,A,A,A,A,A,A,A,A,A,A,A,A,A,A,A,A,A,A,A,A,A,A,A,A,A,A,A,A,A,A,A,A,A,A,A,A,*,A,A,A
82.20953333,92.1718,98.71293333,A,A,A,A,A,A,A,A,A,A,A,A,A,A,A,A,A,A,A,A,A,A,A,A,A,A,B,B,B,B,B,B,B,B,B,B,B,B,B,B,B,B,B,B,B,B,B,B,B,B,B,B,B,B,B,B,B,B,B,B,B,B,B,B,B,B,A,A,A,A,A,A,A,A,A,A,A,A,A,A,A,A,A,A,A,B,B,B,B,B,B,B,B,B,B,B,B,B,B,B,B,B,B,B,B,B,B,B,B,B,B,B,B,B,B,B,B,B,B,B,B,B,B,B,B,B,B,B,B,B,B,B,B,B,A,A,A,A,A,A,A,A,A,A,A,A,A,A,A,A,A,A,A,A,A,A,A,A,A,A,A,A,A,A,A,B,B,B,B,B,B,A,A,A,A,B,B,B,B,B,B,B,B,B,B,B,B,B,B,A,A,A,A,A,A,A,A,A,A,A,A,A,A,A,A,A,A,A,A,A,A,A,A,A,A,A,A,A,A,A,A,A,A,A,A,A,B,B,B,B,*,B,B,B
79.68475,92.843,98.49166667,B,B,B,B,B,B,B,B,B,B,B,B,B,B,B,B,B,B,B,B,B,B,B,B,B,B,B,B,B,B,B,B,B,B,B,B,B,B,B,B,B,B,B,B,B,B,B,B,B,B,B,B,B,B,B,B,B,B,B,B,B,B,B,B,B,A,A,A,B,B,B,B,B,B,B,B,B,A,A,A,A,A,A,A,A,A,A,A,A,A,A,A,A,A,A,A,A,A,A,A,A,A,A,A,A,A,A,A,A,A,A,A,A,A,A,A,A,A,A,A,*,A,A,A,A,A,A,A,A,A,A,A,B,B,A,A,A,A,A,A,A,A,A,A,A,A,A,A,A,A,B,B,B,B,B,B,B,B,B,B,B,A,A,A,A,A,A,A,A,A,A,A,A,A,A,A,A,A,A,A,A,A,A,A,A,A,A,A,A,B,B,B,B,B,B,B,B,B,B,B,B,B,B,B,B,B,B,B,B,B,B,B,B,B,B,B,B,B,B,B,B,B,B,B,B,B,B,B,B,B,*,B,B,B
69.94566667,78.9316,84.74006667,A,A,A,A,B,B,B,B,B,B,B,B,B,*,B,B,B,B,A,A,B,B,B,B,B,B,A,A,A,A,A,A,A,A,A,A,A,A,A,A,A,A,A,A,A,A,A,A,A,A,B,B,B,B,B,B,B,B,B,B,B,B,B,B,B,B,B,B,A,A,A,A,A,*,*,*,*,*,*,*,*,*,*,B,B,B,B,B,B,B,B,B,B,B,B,B,B,B,B,B,B,B,B,B,B,B,B,B,B,B,B,B,B,B,B,B,B,B,B,B,B,B,B,B,B,B,B,B,B,A,A,A,B,B,B,B,B,B,B,B,B,B,B,B,B,B,B,B,B,B,B,B,B,B,B,B,B,A,A,A,A,A,A,A,A,A,A,B,B,*,*,A,A,A,A,A,A,A,A,A,A,A,A,A,A,B,A,A,A,A,A,A,A,A,A,A,A,A,A,A,A,A,A,A,A,A,A,A,A,A,A,A,A,A,A,A,A,A,A,A,A,A,A,A,A,A,A,A,A,A,*,A,A,A
85.26058333,92.10375,98.28258333,B,B,B,B,B,B,B,B,B,B,B,B,B,B,B,B,B,B,B,B,B,*,B,B,*,B,B,B,*,B,B,B,B,B,B,B,B,B,*,B,B,B,B,B,B,B,B,B,B,B,B,B,B,B,A,A,A,A,B,B,B,B,B,*,B,B,A,A,A,A,A,A,A,A,A,A,A,A,A,*,*,*,A,A,A,A,A,A,A,A,A,*,A,A,A,A,A,*,A,A,A,A,A,A,A,*,*,*,B,B,B,B,B,B,B,A,*,A,A,A,A,B,B,*,B,B,B,B,B,B,B,B,A,*,A,A,A,A,A,*,A,A,A,A,*,A,A,*,A,A,*,A,A,*,A,A,A,A,A,A,A,A,A,*,B,B,B,A,A,A,A,A,A,B,B,B,B,B,B,B,B,B,B,*,*,*,B,B,B,B,B,B,B,*,B,B,B,B,B,B,B,B,B,B,B,B,A,A,A,A,B,B,B,B,B,B,B,B,B,B,B,B,B,B,B,B,B,B,B,B,*,B,B,B
67.79706667,78.1184,86.6824,B,B,B,B,B,B,B,B,B,B,B,B,B,B,B,B,B,B,*,B,B,B,B,B,B,B,A,A,A,A,A,A,A,A,A,A,A,A,A,A,A,A,A,A,A,A,A,A,A,A,A,A,A,A,A,A,A,A,A,A,A,A,A,A,A,A,A,A,A,A,B,B,B,B,B,B,B,B,B,B,B,B,B,B,B,B,B,B,B,B,B,B,B,B,B,B,B,B,B,B,B,B,B,B,B,B,B,B,B,B,B,A,A,A,A,A,A,A,B,B,B,B,B,B,B,B,B,B,B,B,B,B,A,B,B,B,B,B,B,B,B,B,B,B,B,B,A,A,A,A,A,A,A,A,A,A,A,A,A,A,A,B,B,B,B,B,A,A,A,A,A,A,A,A,A,A,A,A,A,A,A,A,A,A,A,A,B,B,B,B,B,B,B,B,B,B,B,B,B,B,B,A,A,A,A,A,A,A,A,A,A,A,A,A,A,A,A,A,A,A,A,A,A,A,A,A,A,A,A,A,*,B,B,B
73.016,83.92746667,92.91533333,A,A,A,A,B,B,B,B,B,B,B,B,B,B,B,B,B,B,B,B,B,B,B,B,B,B,B,B,B,B,B,B,B,B,B,B,B,B,B,B,B,B,B,B,B,B,*,B,B,B,B,B,B,B,B,B,B,B,B,B,B,B,B,B,B,B,B,B,A,A,A,A,A,A,A,A,B,B,B,B,B,B,B,B,B,B,B,B,B,B,B,B,B,B,B,B,B,B,B,B,B,B,B,B,B,B,B,B,B,B,B,B,B,B,B,B,B,B,B,B,B,B,B,B,B,B,B,B,B,B,B,B,A,A,A,A,A,A,A,A,A,A,A,A,A,A,A,A,A,A,A,A,A,A,*,A,A,A,A,A,A,A,A,A,A,A,A,B,B,B,B,B,B,B,B,A,A,A,A,A,A,A,A,A,A,A,A,A,A,A,A,A,A,A,A,A,A,A,A,A,A,A,A,A,A,A,A,A,A,A,A,A,A,A,A,A,A,A,A,A,A,A,A,A,A,A,A,B,B,B,*,B,B,B
60.72142105,67.29205263,74.14131579,A,A,A,A,B,B,B,B,B,B,B,B,B,B,B,B,B,B,B,B,B,B,B,B,B,B,A,A,A,A,A,A,A,A,A,A,A,A,A,A,A,A,A,A,B,B,B,B,B,B,B,B,B,B,B,B,A,A,A,A,A,A,A,A,A,A,B,B,B,B,B,B,B,B,B,B,B,B,B,B,B,B,B,B,B,B,B,B,B,B,B,B,B,B,B,B,B,B,B,B,B,B,B,B,B,B,B,B,B,B,B,B,B,B,B,B,B,A,A,A,A,A,A,A,A,A,A,A,A,A,A,A,A,A,A,A,A,A,A,A,A,A,A,A,A,A,A,A,A,A,*,B,B,B,B,B,B,B,B,B,B,B,B,B,B,B,A,A,A,A,A,A,A,A,A,A,A,A,A,A,A,A,A,B,B,B,B,B,B,B,B,B,B,B,B,B,B,B,A,A,A,A,A,A,A,A,A,A,A,A,A,A,A,A,A,A,A,A,A,B,B,B,B,B,B,B,B,A,A,A,*,A,A,A
87.28946154,95.18769231,99.82946154,B,B,B,A,A,A,A,A,A,A,A,A,A,A,B,B,A,A,A,A,A,A,A,B,B,A,B,B,B,B,B,B,B,B,B,B,B,B,B,B,B,B,B,B,B,B,B,B,A,A,A,A,A,A,A,A,A,A,A,A,A,A,A,A,A,A,A,A,A,A,A,A,A,A,A,A,A,A,A,A,A,A,A,A,A,A,A,A,A,A,A,A,A,A,A,A,A,A,A,A,A,A,A,A,A,A,A,A,A,A,A,A,A,A,A,A,A,A,A,A,A,A,A,A,A,A,A,A,A,A,A,A,A,A,B,B,B,B,B,B,B,B,B,B,B,B,B,B,B,B,B,B,B,B,B,B,B,A,A,A,A,A,A,A,A,A,A,B,B,B,B,B,B,*,*,*,*,B,B,B,A,A,A,A,A,A,A,A,B,A,A,A,A,A,A,A,A,A,A,A,A,A,A,A,A,A,A,A,A,A,A,A,A,A,A,A,A,A,A,A,A,A,A,A,A,B,B,B,B,B,*,B,B,B
77.5455625,84.9214375,91.3965,B,B,B,B,A,A,A,A,A,A,A,A,A,A,A,A,B,B,B,B,B,B,B,B,B,B,B,B,B,B,B,B,B,B,B,B,B,B,B,B,B,B,B,B,B,B,B,A,A,A,A,A,A,A,A,A,A,A,A,A,A,A,A,A,A,A,A,A,B,B,B,B,B,A,A,A,A,A,A,A,A,A,B,B,B,B,B,B,B,B,B,B,B,B,B,B,B,B,B,B,B,B,B,B,B,B,B,B,B,B,B,B,B,B,B,B,B,B,B,B,B,B,B,B,A,A,A,A,A,A,A,A,B,B,B,B,B,B,B,B,B,B,B,B,B,B,B,B,B,B,B,B,B,B,B,B,B,B,B,B,B,B,B,B,B,B,B,A,A,A,A,B,B,B,B,B,B,B,B,B,B,B,B,B,B,A,A,A,A,A,A,A,A,A,A,A,A,A,A,A,A,A,A,A,A,A,A,A,A,A,A,A,A,A,A,A,A,A,A,A,A,A,A,A,A,A,A,A,A,A,*,A,A,A
84.95766667,94.88776667,101.2296667,B,B,B,B,B,B,B,B,B,B,B,B,B,B,B,B,B,B,B,B,B,B,B,B,B,B,A,A,A,A,A,A,A,A,A,A,A,A,A,A,A,A,A,A,A,A,A,A,A,A,A,A,A,A,B,B,B,B,B,B,B,B,B,B,B,A,A,A,A,A,A,A,A,A,A,A,A,A,A,A,A,A,A,A,A,A,A,A,A,A,A,A,A,A,A,A,A,A,A,A,A,A,A,A,A,A,A,A,A,A,A,A,A,A,A,A,A,A,A,A,A,A,A,A,A,A,A,A,A,A,A,A,B,B,B,B,B,B,B,B,B,B,B,B,B,B,B,B,B,B,A,A,A,A,*,*,*,*,*,*,B,B,B,B,B,B,B,A,A,A,A,A,A,A,A,A,A,A,A,A,B,B,B,B,B,B,B,B,B,*,*,B,B,B,B,B,B,B,B,B,B,B,B,B,B,B,B,B,B,B,B,B,B,B,B,B,B,B,B,B,B,B,B,B,B,B,A,A,A,A,*,A,A,A
75.73038889,83.08255556,87.80716667,A,B,B,B,B,B,B,B,B,B,B,B,B,B,A,A,A,A,A,A,A,A,B,B,B,B,A,A,A,A,A,A,A,A,A,A,A,A,A,A,A,A,A,A,A,A,A,A,A,A,A,B,B,A,A,A,A,A,A,A,A,A,A,A,A,A,A,A,B,B,B,B,B,B,B,B,B,B,B,B,B,B,B,B,B,B,B,B,B,B,B,B,B,B,B,B,B,B,B,B,B,B,B,B,B,B,B,B,B,B,B,B,B,B,B,B,B,B,B,B,B,B,B,B,B,B,B,B,B,B,B,B,B,B,A,A,A,A,A,A,A,A,A,A,A,A,B,B,B,B,B,B,B,B,B,B,B,B,B,B,B,B,*,B,A,A,A,A,A,B,B,B,B,B,B,B,B,B,B,B,B,B,B,B,B,B,B,B,B,B,B,B,B,B,B,B,B,B,B,B,B,B,B,B,B,B,B,B,B,B,B,B,B,B,B,B,B,B,A,A,A,A,A,A,B,B,B,B,B,B,*,B,B,B
66.39854545,77.14581818,86.413,B,*,B,B,B,B,A,A,A,A,A,A,A,A,B,B,B,B,B,B,B,B,B,B,B,B,B,B,B,B,B,B,B,B,B,B,B,B,B,B,B,B,B,B,B,B,B,B,B,B,B,B,B,B,B,B,B,B,B,B,B,B,B,B,B,B,B,B,B,B,B,B,B,B,B,B,B,B,B,B,B,B,B,B,B,B,B,B,B,B,B,B,B,B,B,B,B,B,B,B,B,B,B,B,B,B,B,B,B,B,B,B,B,B,B,B,B,B,B,B,B,B,B,B,B,B,B,B,B,B,B,B,A,A,B,B,B,B,B,B,B,B,B,B,B,B,B,B,B,B,B,B,B,B,*,*,*,*,A,A,A,A,A,A,A,A,A,B,B,B,B,B,B,B,B,B,B,A,A,A,B,B,B,B,B,B,B,B,B,B,B,B,B,B,B,B,B,B,B,B,B,B,B,B,B,B,A,A,A,A,A,A,A,A,A,A,A,A,A,A,A,A,A,A,A,A,A,A,A,A,*,A,A,A
83.34741176,94.79423529,100.3333529,A,B,B,B,B,B,B,B,B,B,B,B,B,B,B,B,B,B,B,B,B,B,B,B,A,A,A,A,A,A,A,A,A,A,A,A,A,A,A,A,A,A,A,A,A,A,A,A,A,A,A,A,A,A,A,A,A,A,A,A,A,A,A,B,B,B,B,B,A,A,A,A,A,A,A,A,A,A,A,A,A,A,A,A,A,A,A,A,A,A,A,A,A,A,A,A,A,A,A,A,A,A,A,A,A,A,A,A,A,A,A,A,A,A,A,A,A,A,A,A,A,A,A,A,A,A,A,A,A,A,A,A,B,B,B,B,B,B,B,B,B,B,B,B,B,B,B,B,B,B,B,B,B,B,B,B,B,B,B,B,B,B,B,B,B,B,B,A,A,A,A,A,A,A,A,A,A,A,A,A,A,A,A,A,B,B,B,B,B,B,A,A,A,A,A,A,A,A,A,A,A,A,A,A,A,A,A,A,A,B,B,B,B,B,B,B,B,B,B,B,B,B,B,B,B,B,B,B,B,B,*,B,B,B
71.81525,81.0762,86.4583,A,A,A,A,B,B,B,B,B,B,B,A,A,A,A,A,A,A,B,B,B,B,B,B,B,B,A,A,A,A,B,B,B,B,B,B,B,B,B,B,B,B,B,B,B,B,B,B,B,B,B,A,A,A,A,A,A,A,A,A,A,A,A,A,B,B,B,B,B,B,B,B,B,B,B,B,B,B,B,B,B,B,B,B,B,B,B,B,B,B,B,B,B,B,B,B,B,B,B,B,B,B,B,B,B,A,A,A,A,A,A,A,A,A,A,A,A,A,A,A,A,A,A,A,A,A,A,A,A,A,A,A,A,A,A,A,A,A,A,A,A,A,A,A,A,A,A,A,A,A,A,A,A,A,A,A,A,A,A,A,A,A,A,A,A,B,B,A,A,A,A,A,A,B,B,B,B,B,B,B,B,B,B,B,B,B,B,B,B,B,B,B,B,B,B,B,B,B,B,B,B,A,A,A,A,A,A,A,A,B,B,B,B,B,B,B,B,B,A,A,A,A,A,A,A,A,A,A,A,A,*,A,A,A
77.65284615,87.62715385,94.66669231,A,B,B,B,B,A,A,A,A,A,A,A,A,A,B,B,B,B,B,B,B,B,B,B,B,B,A,A,A,A,A,A,A,A,A,A,A,A,A,A,A,A,A,A,A,A,A,A,A,A,A,A,A,A,A,A,A,A,A,A,A,A,A,A,A,A,A,A,B,B,A,A,A,A,A,A,A,A,A,A,A,A,B,B,B,B,B,B,B,B,B,B,B,B,B,B,B,B,B,B,B,B,B,B,*,B,B,B,B,B,B,B,B,B,B,B,B,B,B,B,B,B,B,B,*,B,B,B,B,B,B,B,A,B,B,B,B,B,B,B,B,B,B,B,B,B,B,B,B,B,B,B,B,B,B,B,B,B,B,B,B,A,A,A,A,A,A,A,A,A,A,A,A,A,A,A,A,A,A,A,B,B,B,B,B,B,A,A,A,A,A,A,A,A,A,A,A,A,A,A,A,A,A,A,A,A,A,A,A,A,A,A,A,A,A,A,A,A,A,A,A,A,A,A,B,B,B,B,B,B,*,*,B,B
82.96890909,91.82027273,97.20654545,A,A,A,A,A,A,A,A,A,A,A,A,A,A,A,A,B,*,*,*,*,A,A,A,A,A,B,A,A,A,A,A,A,A,A,A,A,A,A,A,A,A,A,A,A,A,A,A,A,A,A,A,A,A,A,A,A,A,A,A,A,A,A,A,A,A,A,A,B,B,A,A,A,A,A,A,A,A,A,A,A,A,A,A,A,A,A,A,A,A,A,A,A,A,A,A,A,A,A,A,A,A,A,A,A,A,A,A,A,A,A,A,A,A,B,B,B,B,B,B,B,B,B,B,B,B,B,B,B,B,B,B,A,A,A,A,A,A,A,A,A,A,A,A,A,A,B,B,B,B,B,B,B,B,B,B,B,B,B,B,B,B,B,B,B,B,B,A,A,A,A,A,A,A,A,A,A,B,B,B,B,B,B,B,B,B,B,B,B,B,B,*,*,*,*,*,*,*,*,*,*,*,*,*,*,*,A,A,A,A,A,A,A,A,A,A,A,A,A,A,A,B,B,B,B,B,B,B,B,B,*,B,B,B
68.17498667,78.77,86.60853333,A,A,A,A,A,A,A,A,A,A,A,B,B,B,B,B,B,B,B,B,B,B,B,B,A,A,A,A,A,A,A,A,A,A,A,A,A,A,A,A,A,A,A,A,A,A,A,A,A,A,A,A,A,A,A,A,A,A,A,A,A,A,A,A,A,A,A,A,A,A,A,A,A,A,A,A,A,A,A,A,A,A,A,A,A,A,A,A,A,A,A,A,A,A,A,A,A,A,A,A,A,A,A,A,A,A,A,A,A,A,A,A,B,B,B,B,B,B,A,A,A,A,A,A,A,A,A,A,A,A,A,A,B,B,B,B,B,B,B,B,B,B,B,B,B,B,B,B,B,B,B,B,B,B,B,B,B,B,B,B,B,B,B,B,B,A,A,A,A,A,A,A,A,A,A,A,A,A,A,A,A,A,A,A,A,A,B,B,B,A,A,A,A,A,A,A,A,A,A,A,A,A,A,A,A,A,A,A,A,B,B,B,B,B,B,B,B,B,B,B,B,B,B,B,B,B,B,B,B,B,*,B,B,B
79.23216667,88.25991667,95.35175,B,B,B,B,B,B,B,B,B,B,A,A,A,A,B,B,B,A,A,A,A,A,A,A,A,A,A,A,A,A,A,A,A,A,A,A,A,A,A,A,A,A,A,A,A,A,A,A,A,A,A,A,A,A,B,B,B,*,B,B,B,B,B,B,B,B,B,B,A,B,B,B,B,B,B,B,B,B,B,B,B,B,B,B,B,B,B,B,B,B,B,B,B,B,B,B,B,B,B,B,B,B,B,B,B,A,A,A,A,A,A,A,A,A,A,B,B,B,B,B,B,A,A,A,A,A,A,A,A,A,A,A,A,A,A,A,A,A,A,A,A,A,A,A,A,A,A,A,A,A,A,A,A,A,B,B,B,B,B,B,B,B,B,B,B,B,B,B,B,B,B,A,A,A,A,B,B,B,B,B,B,B,B,B,A,A,A,A,A,A,A,A,A,A,A,A,A,A,A,A,A,A,A,A,A,A,A,A,A,A,A,A,A,A,A,A,A,A,A,A,A,A,A,A,A,A,A,A,A,A,*,A,A,A
84.78753333,93.47846667,100.7491333,B,B,B,B,B,B,A,A,A,A,A,A,A,A,A,A,A,A,A,A,A,A,A,A,A,A,B,B,A,A,A,A,A,A,A,A,A,A,A,A,A,A,A,A,A,A,B,B,B,B,B,A,A,A,A,A,A,A,A,A,A,A,A,A,A,A,A,A,B,B,B,B,A,A,A,A,B,B,B,A,A,A,A,A,A,A,A,A,A,A,*,A,A,A,A,A,A,A,A,A,A,A,A,A,A,A,A,A,A,A,A,A,A,A,A,A,A,*,A,A,*,A,A,A,A,A,A,A,A,A,A,A,A,A,A,A,A,A,A,A,A,A,A,A,A,A,A,A,A,A,A,A,A,A,A,A,A,A,A,A,A,A,A,A,A,A,B,A,A,A,A,A,A,A,A,A,A,A,A,A,A,A,A,A,A,A,A,A,A,A,A,A,A,A,A,A,A,A,A,A,A,A,A,A,A,A,A,A,B,B,B,B,B,B,B,B,B,B,B,B,B,B,B,B,B,B,A,A,A,A,*,A,A,A
91.03793333,102.3324,110.7024,A,A,A,A,A,A,A,A,A,A,A,A,A,A,A,A,A,A,A,A,A,A,A,A,A,A,A,A,A,A,A,A,A,A,A,A,A,A,A,A,A,A,A,A,A,A,A,A,A,A,A,B,B,B,B,B,B,B,B,B,B,B,B,B,B,B,A,A,A,A,A,A,A,A,A,A,A,A,A,A,A,A,A,A,A,A,A,A,A,A,A,A,A,A,A,A,A,A,A,A,A,A,A,A,A,A,A,A,A,A,A,A,A,A,A,A,A,A,A,A,A,A,A,A,A,A,A,A,A,A,A,A,A,A,A,A,A,A,A,A,A,A,A,A,A,A,A,A,A,A,A,A,A,A,A,A,A,A,A,A,A,A,A,A,A,A,A,A,A,A,A,A,A,A,A,A,A,A,A,A,A,A,A,A,A,A,A,A,A,A,A,A,A,A,A,A,A,A,A,A,A,A,A,A,A,A,A,A,A,A,A,A,A,A,A,A,A,A,A,A,B,B,B,B,B,B,B,B,A,A,*,A,A,A
69.00683333,74.86444444,80.27205556,A,A,A,A,A,A,A,A,A,A,B,B,B,B,B,B,B,B,B,B,A,A,A,A,A,A,B,B,B,B,B,B,B,B,B,B,B,B,B,B,B,B,B,B,B,B,B,B,B,B,B,B,B,B,B,B,B,B,B,B,B,B,B,B,B,B,B,B,A,A,A,A,A,A,A,A,A,A,A,A,A,A,A,A,A,A,A,A,A,A,A,A,A,A,A,A,A,A,A,A,A,A,A,A,A,A,A,A,A,A,A,A,A,A,A,A,A,A,A,A,A,A,A,A,A,A,A,A,A,A,A,A,A,A,A,A,A,A,A,A,A,A,A,A,A,A,A,A,*,A,A,A,B,B,B,B,B,B,B,B,B,B,B,B,B,B,B,A,A,A,*,A,A,A,A,A,A,A,A,A,A,A,A,B,B,A,A,A,A,A,A,A,A,A,A,A,A,A,A,A,A,A,A,A,A,A,A,A,A,A,A,A,A,A,A,A,A,A,A,A,A,A,A,A,A,A,A,B,B,B,*,B,B,B
85.26717647,97.04241176,105.6728235,A,A,A,B,B,B,B,B,A,A,A,A,A,A,A,A,A,A,B,B,A,A,B,B,B,B,A,A,A,A,A,A,A,A,A,A,A,A,A,A,A,A,A,A,A,A,A,A,A,A,A,A,A,B,B,B,B,B,B,B,B,B,B,B,B,B,B,B,A,A,A,A,A,B,B,B,B,B,B,B,B,B,B,B,B,B,B,B,B,B,B,B,B,B,B,B,B,B,B,B,B,B,B,B,B,B,B,B,B,B,B,B,B,B,B,B,B,B,B,B,B,B,B,B,B,B,B,B,B,B,B,B,B,B,B,B,B,B,B,B,B,B,B,B,B,B,A,A,A,A,A,A,A,A,A,A,A,A,A,A,A,A,A,A,A,A,A,B,B,B,B,B,B,B,B,B,B,B,B,B,B,B,B,B,B,B,B,*,*,A,A,A,A,A,A,A,A,A,A,A,A,A,A,A,A,A,A,A,A,A,A,A,A,A,A,A,A,A,A,A,A,A,A,A,A,B,B,B,B,B,*,B,B,B
78.77008333,86.924,92.02083333,A,A,A,A,A,A,B,B,B,B,B,B,B,B,B,B,B,B,B,B,A,A,A,A,A,A,B,B,B,B,B,B,B,B,B,B,B,B,B,B,B,B,B,B,B,B,B,B,B,B,B,B,B,B,B,B,B,B,B,B,B,B,B,B,B,A,A,A,A,A,A,A,A,A,A,B,B,B,B,B,B,B,B,B,B,B,B,B,B,B,B,B,B,B,B,B,B,B,B,B,B,B,B,B,B,B,B,B,B,B,B,B,B,B,B,B,B,B,B,B,B,B,B,B,B,B,B,B,B,B,B,B,A,A,B,B,B,B,B,B,B,B,B,B,B,B,B,B,B,B,B,B,B,B,B,B,B,A,A,A,A,A,A,A,A,A,A,B,B,B,B,A,A,A,A,A,A,A,A,A,A,A,A,B,B,B,A,A,A,A,A,A,A,A,A,A,A,A,A,B,B,B,B,B,B,B,B,B,B,B,B,B,B,B,B,B,B,B,B,B,B,B,*,B,B,B,B,B,B,B,*,B,B,B
81.29894444,89.62444444,95.72355556,B,B,B,B,A,A,B,B,B,B,B,B,B,B,B,B,B,B,B,B,B,B,B,B,B,B,B,B,B,B,B,B,B,B,B,B,B,B,B,B,B,B,B,B,B,B,B,B,B,B,B,B,B,B,B,B,B,B,B,B,B,B,B,B,A,A,A,A,*,*,A,A,A,A,A,B,B,B,*,B,B,B,B,B,B,B,B,B,B,B,B,B,B,B,B,B,B,B,B,B,B,B,B,B,B,B,B,B,B,B,B,B,B,B,B,B,B,B,A,A,A,A,A,A,A,A,A,A,A,A,A,A,A,A,A,A,A,A,A,A,A,A,A,A,A,A,A,A,A,A,A,A,A,A,A,A,A,A,A,A,A,A,A,A,A,A,A,B,A,A,A,A,A,A,A,B,B,B,B,B,B,B,B,B,B,A,A,A,A,A,A,A,A,A,A,A,A,A,A,A,A,A,A,A,A,A,A,A,*,A,A,A,A,A,A,A,A,A,A,A,A,A,A,A,A,A,A,A,A,A,*,A,A,A
65.353,74.95446154,83.12023077,A,A,A,B,B,B,B,B,A,A,B,B,B,A,A,A,A,A,A,A,A,B,B,B,B,B,B,B,B,B,B,B,B,B,B,B,B,B,B,B,B,B,B,B,A,A,A,A,A,A,A,A,A,A,A,B,B,B,B,B,B,B,B,B,B,B,B,B,A,A,A,A,A,B,B,B,B,B,B,B,B,B,B,B,B,B,B,B,B,B,B,B,B,B,B,B,B,B,B,B,B,B,B,B,B,B,B,B,B,B,B,B,B,B,B,B,B,B,B,B,B,B,B,B,B,B,B,B,B,B,B,B,B,B,A,A,A,A,A,A,A,A,A,A,A,A,A,A,A,B,B,B,B,B,B,B,B,B,B,B,B,B,A,A,A,A,A,A,A,A,A,B,B,B,B,B,B,B,B,B,B,B,B,B,B,B,B,B,B,B,B,A,A,A,A,A,A,A,A,A,A,A,A,A,A,A,A,A,A,A,A,A,A,A,A,A,A,A,A,A,A,A,A,A,A,A,A,A,A,A,*,A,A,A
84.0380625,92.5489375,97.2695625,B,B,B,B,A,A,A,A,A,A,A,A,A,A,A,A,A,A,A,A,B,B,B,B,B,B,A,B,B,B,B,B,B,B,B,B,B,B,B,B,B,B,B,B,B,B,B,B,B,B,B,B,B,B,B,B,B,B,B,B,B,B,B,B,B,B,A,A,B,B,B,B,B,A,A,A,A,A,A,A,A,A,A,A,A,A,A,A,A,A,*,A,A,A,A,A,A,A,A,A,A,A,*,A,A,B,B,B,B,B,B,B,B,B,B,B,B,B,B,B,B,B,B,B,B,B,B,B,B,B,B,B,B,B,B,B,B,B,B,B,B,B,B,B,B,B,B,B,B,B,B,B,B,B,B,B,B,B,B,B,B,B,B,B,B,B,B,A,A,A,A,A,A,A,A,A,A,A,A,A,A,A,A,A,A,A,A,A,A,A,A,A,A,A,A,A,A,A,A,A,A,A,A,A,A,A,A,A,A,A,A,A,A,A,A,A,A,A,A,A,A,A,A,A,A,A,B,B,B,B,*,B,B,B
65.75621053,74.564,80.69357895,A,A,A,A,B,B,A,A,A,A,A,A,A,A,A,A,A,A,A,A,A,A,B,B,B,B,B,A,A,A,A,A,A,A,A,A,A,A,A,A,A,A,A,A,A,A,A,A,A,A,A,A,A,A,A,A,A,A,A,A,A,A,A,A,B,B,B,B,B,B,B,B,B,B,B,B,B,B,B,B,B,B,B,B,B,B,A,A,A,A,A,A,A,A,A,A,A,A,A,A,A,A,A,A,A,A,A,A,A,A,A,A,A,A,A,A,A,A,A,A,A,A,A,A,B,B,B,B,B,B,B,B,B,B,B,B,B,B,B,B,B,B,B,B,B,B,B,B,*,B,B,B,B,B,B,B,B,B,B,B,B,B,B,B,B,B,B,B,B,B,B,B,B,B,*,B,B,B,B,B,B,B,B,B,B,B,B,B,B,B,B,B,B,B,B,B,B,B,B,B,B,B,B,B,B,B,A,A,*,B,B,B,B,B,B,B,B,B,B,B,B,B,B,B,B,B,B,B,B,B,*,B,B,B
86.66573333,99.3334,104.1712667,A,A,A,A,A,A,B,B,B,B,B,B,B,B,B,A,A,A,A,A,A,A,A,A,A,B,B,B,B,B,B,B,B,B,B,B,B,B,B,B,B,B,B,B,B,B,B,B,B,B,B,B,B,A,A,A,A,A,A,A,A,A,A,A,A,A,A,A,A,A,A,A,A,A,A,A,A,A,A,A,A,A,A,A,A,A,A,A,A,*,*,A,A,A,A,A,A,A,A,A,A,A,A,A,A,A,A,A,A,A,A,A,A,A,A,A,A,A,B,B,B,B,B,B,B,B,B,B,B,B,B,B,B,B,A,A,A,A,A,A,A,A,A,A,A,A,A,A,A,A,A,A,A,A,A,A,A,A,A,A,A,A,A,A,A,A,A,B,B,A,A,A,A,A,A,A,A,A,A,A,A,A,A,A,A,A,A,A,A,A,A,A,A,A,A,A,A,A,A,A,A,A,A,A,A,A,A,A,A,A,A,A,A,A,A,A,A,A,A,A,A,A,A,A,B,B,B,B,B,B,*,A,A,A
83.7,93.627,101.21025,B,B,B,B,B,B,B,B,B,B,B,A,A,A,A,A,A,A,A,A,A,A,A,A,A,A,A,A,A,A,A,A,A,A,A,A,A,A,A,A,A,A,A,A,A,A,A,A,A,A,A,A,A,A,A,A,A,A,B,B,B,B,B,B,B,B,B,B,A,A,A,A,A,A,A,A,A,A,A,A,A,A,A,A,A,A,A,A,A,A,A,A,A,A,A,A,A,A,A,A,A,A,A,A,A,A,A,A,A,A,A,A,A,A,A,A,A,A,A,A,A,A,A,A,A,A,A,A,A,A,A,A,A,A,A,A,A,A,A,A,A,A,A,A,A,A,A,A,A,B,B,B,B,B,A,A,A,A,A,A,A,B,B,B,B,B,B,A,A,A,A,A,A,A,A,A,A,A,A,A,A,A,A,A,A,A,A,A,A,A,A,A,A,A,A,A,A,A,A,A,A,A,A,A,A,A,A,A,A,A,A,A,A,A,A,A,A,A,A,A,A,A,A,A,A,A,A,A,A,A,*,A,A,A
78.961125,86.595375,93.4905,B,B,B,B,B,B,B,B,B,B,B,B,B,B,B,B,B,B,A,A,A,A,A,A,A,A,B,A,A,A,A,A,A,A,A,A,A,A,A,A,A,A,A,A,A,A,A,A,A,A,A,A,A,A,A,A,A,A,A,A,A,A,A,A,A,A,A,A,A,A,A,A,A,A,A,A,A,A,A,A,*,A,A,A,A,A,A,A,A,A,A,A,A,A,A,A,A,A,A,A,A,A,A,A,A,A,A,A,A,A,A,A,A,A,A,A,A,A,A,A,A,A,A,A,A,A,A,A,A,A,A,A,A,A,A,A,A,A,A,A,A,A,A,A,A,A,A,A,A,A,A,A,A,A,A,A,A,B,B,B,B,B,B,B,B,B,B,A,A,A,A,A,A,A,A,A,A,B,B,B,B,B,B,B,B,B,B,B,B,B,B,A,A,A,A,A,*,A,A,A,A,*,*,*,*,*,A,A,A,A,A,A,A,A,A,A,A,A,B,B,B,B,B,B,B,B,B,B,B,B,*,B,B,B
94.45213333,107.4040667,113.0272,B,B,B,B,A,A,A,A,B,B,B,B,B,A,A,A,A,A,A,A,B,B,B,B,B,B,B,B,B,B,B,B,B,B,B,B,B,B,B,B,B,B,B,B,B,B,B,B,B,B,B,B,B,A,A,A,A,A,A,A,A,A,A,A,B,B,B,B,B,B,*,*,*,B,B,B,B,B,B,A,A,A,A,A,A,A,A,A,A,A,A,A,A,A,A,A,A,A,A,A,A,A,A,A,A,A,A,A,A,A,A,A,A,A,A,A,A,A,A,A,A,A,A,A,A,A,A,*,*,*,*,A,B,B,B,B,B,B,B,B,B,B,B,B,B,B,B,B,A,A,A,A,A,A,A,A,A,A,A,A,A,A,A,A,A,B,B,A,A,A,A,A,A,A,A,A,A,A,A,A,A,A,A,A,A,A,A,A,A,A,A,A,A,A,A,A,A,A,A,A,A,A,A,A,A,A,A,A,A,B,B,B,B,B,B,B,B,B,B,B,B,B,B,B,B,B,B,B,B,B,*,B,B,B
85.971,92.49193333,97.833,A,A,A,A,A,A,A,A,A,A,B,A,A,A,A,B,B,B,B,B,B,B,B,B,B,B,B,B,B,B,B,B,B,B,B,B,B,B,B,B,B,B,B,B,B,B,B,B,B,B,B,B,B,B,B,B,B,B,B,B,B,B,B,B,B,B,B,B,A,A,A,A,A,A,A,A,A,A,A,A,A,A,A,A,A,A,A,A,A,A,A,A,A,A,A,A,A,A,A,A,A,A,A,A,A,A,A,A,A,A,A,A,B,B,B,B,B,B,B,B,B,B,B,B,B,B,B,B,B,B,B,B,A,A,A,A,A,A,A,A,A,A,A,A,A,A,A,A,A,A,A,A,A,A,A,A,A,A,A,A,A,A,A,A,B,B,A,A,A,A,A,A,A,A,A,A,A,B,B,B,B,B,B,B,B,B,B,B,B,A,A,A,A,A,A,A,A,A,A,A,A,A,A,A,B,B,B,B,B,A,A,B,B,B,B,B,B,B,B,B,B,B,B,B,B,B,B,B,B,B,*,A,A,A
73.91288235,81.32270588,86.87911765,A,A,A,A,A,A,A,A,A,A,A,*,B,B,B,A,A,A,A,A,A,A,A,A,A,A,B,B,B,B,B,B,B,B,B,B,B,B,B,B,B,B,B,B,B,B,B,A,A,A,A,A,A,A,A,A,A,A,A,A,A,A,A,A,A,A,A,A,A,B,A,A,A,B,B,B,B,B,B,B,B,B,B,B,B,B,B,B,B,B,B,B,B,B,B,B,B,B,B,B,B,B,B,B,B,B,B,B,B,B,B,B,B,B,B,B,B,A,A,A,A,A,A,A,A,A,A,A,A,A,A,A,A,A,B,B,B,B,B,B,B,B,B,B,B,B,B,B,B,B,B,B,B,B,B,B,B,B,B,B,B,B,B,B,B,B,A,A,A,A,A,A,A,A,A,A,A,A,A,A,A,A,A,A,A,A,B,B,B,B,B,B,B,B,B,B,B,B,B,B,B,B,B,B,B,B,A,A,A,B,B,B,B,B,B,B,B,B,B,B,B,B,A,A,A,A,A,A,A,A,*,A,A,A
59.9835,70.6235,79.4938125,B,A,A,A,A,A,A,A,A,A,A,A,A,A,A,A,A,A,A,B,B,B,B,B,B,B,B,A,A,A,A,A,A,A,A,A,A,A,A,A,A,A,A,A,A,A,A,A,A,A,A,B,B,B,B,B,B,B,B,B,B,B,B,B,B,B,B,B,B,B,B,B,A,A,B,B,A,A,A,A,A,A,A,A,A,A,A,A,*,A,A,A,A,A,A,A,A,A,A,A,A,A,A,A,A,A,A,A,A,A,A,A,A,A,A,A,A,B,B,B,B,B,B,B,B,B,B,B,B,B,B,B,B,B,B,B,B,B,B,B,B,B,B,B,B,B,B,B,B,B,B,B,B,B,B,B,B,B,B,B,B,B,B,B,B,B,B,B,B,B,B,B,B,B,B,A,A,A,A,A,A,A,A,A,A,A,A,A,A,A,A,A,A,A,A,A,A,A,A,A,A,A,A,A,A,A,A,A,A,A,A,A,A,A,A,A,A,A,A,A,A,A,A,A,A,A,A,A,A,A,*,A,A,A
75.04071429,84.63314286,91.62078571,B,B,B,B,B,B,B,B,B,B,A,A,A,A,A,A,A,A,A,A,B,B,B,B,B,B,B,B,B,B,B,B,B,B,B,B,B,B,B,B,B,B,B,B,B,B,B,B,B,B,B,B,B,B,B,B,B,B,B,B,B,B,B,B,B,B,B,B,B,B,B,B,B,B,B,B,B,B,B,B,B,B,B,B,B,B,B,B,B,B,B,B,B,B,B,B,B,B,B,B,B,B,*,B,B,B,B,B,B,B,B,B,B,B,B,B,B,B,B,B,B,B,B,B,B,B,B,B,B,B,B,B,B,B,B,B,B,*,B,B,B,B,B,B,B,B,B,B,B,B,B,B,B,B,B,B,B,B,B,B,B,A,A,A,A,A,A,B,B,B,B,B,B,B,B,B,B,B,B,B,B,B,B,A,A,A,A,A,A,A,A,A,A,A,A,A,A,A,A,A,A,A,A,A,A,A,A,A,A,A,A,A,A,A,A,A,A,A,A,A,A,A,A,A,A,A,B,B,B,B,*,B,B,B
91.77304,100.38064,106.59412,A,A,A,A,A,A,B,B,A,A,B,B,B,B,B,A,A,A,A,A,A,A,A,A,A,A,A,A,B,B,B,B,B,B,B,B,B,B,B,B,B,B,B,B,B,B,B,B,B,B,B,B,B,B,B,B,B,B,B,B,B,B,B,A,A,A,A,A,A,A,A,A,A,A,A,A,A,A,A,A,A,A,A,A,A,A,A,A,A,A,A,A,A,A,A,A,A,A,A,A,A,A,A,A,A,A,A,A,A,A,A,A,A,A,A,A,A,A,A,A,A,A,A,A,B,B,B,B,B,B,B,B,A,A,A,A,A,A,A,A,A,A,A,A,A,A,A,A,A,A,A,A,A,A,A,A,A,A,A,A,A,A,A,A,A,B,B,A,A,A,A,A,A,A,A,A,A,A,A,A,B,B,B,B,B,B,B,B,B,B,B,B,B,B,B,B,B,B,B,B,B,B,B,B,B,B,B,B,B,B,B,B,B,B,B,B,B,B,B,B,B,B,B,B,B,A,A,A,A,A,*,A,A,A
66.02606667,76.77793333,84.35286667,A,B,B,B,B,B,B,B,B,B,B,B,B,A,A,A,A,A,A,A,A,A,A,A,A,A,B,B,B,B,B,B,B,B,B,B,B,B,B,B,B,B,B,B,B,B,B,B,B,B,B,B,B,A,A,A,A,A,A,A,A,A,A,A,A,A,A,A,A,A,B,B,B,B,B,B,B,B,B,B,B,B,B,B,B,B,A,A,A,A,A,A,A,A,A,A,A,A,A,A,A,A,A,A,A,A,A,A,A,A,A,A,A,A,A,A,A,A,A,A,A,A,A,A,B,B,B,B,B,B,B,B,B,B,B,B,B,B,B,B,B,B,B,B,B,B,B,B,B,B,B,B,B,B,B,B,B,B,B,B,B,B,B,B,B,B,A,B,B,B,B,A,A,A,A,A,A,B,B,B,A,A,A,B,B,B,B,B,B,B,B,B,B,B,B,B,B,B,B,B,B,B,B,B,B,B,B,B,*,B,B,B,B,B,B,B,B,B,B,B,B,B,B,B,B,B,B,B,B,B,*,A,A,A
84.42615385,91.80730769,96.90392308,B,A,A,A,A,A,A,A,A,A,A,A,A,A,A,A,A,A,A,A,A,A,A,A,B,B,B,B,B,B,B,B,B,B,B,B,B,B,B,B,B,B,B,B,B,B,B,B,B,B,B,B,B,B,B,B,B,B,B,B,A,A,A,A,A,A,A,A,A,A,A,A,A,A,A,A,A,A,A,A,A,A,A,A,*,*,B,B,B,B,B,B,B,B,A,A,A,A,A,A,A,A,A,A,A,A,A,A,A,A,A,A,A,A,A,A,A,A,A,A,A,A,A,A,A,A,A,A,A,A,A,A,B,A,A,A,A,A,A,A,A,A,A,A,A,A,A,A,A,A,A,A,A,A,A,A,A,A,A,A,A,A,B,B,A,B,B,A,A,A,A,A,A,A,A,A,A,A,A,A,A,A,A,A,A,A,A,A,A,B,B,B,B,B,B,B,B,B,B,B,B,B,B,B,B,B,B,B,*,B,B,B,B,B,B,B,B,B,B,B,B,B,B,B,B,B,B,B,B,B,*,B,B,B
71.948,81.1532,87.42293333,B,B,B,B,B,B,B,B,B,B,B,B,B,B,A,A,A,A,A,A,B,B,B,B,B,B,B,B,B,B,B,B,B,B,B,B,B,B,B,B,B,B,B,B,B,B,B,B,B,B,B,B,B,B,B,B,A,A,A,A,B,B,B,B,B,B,B,B,A,A,A,A,A,A,A,A,A,A,A,A,A,A,A,A,A,A,A,A,A,A,A,A,A,A,A,A,A,A,A,B,B,B,B,B,B,B,B,B,B,B,B,B,B,B,B,B,B,B,B,B,B,B,B,B,B,B,B,B,A,A,A,A,B,B,B,B,B,B,B,B,B,B,B,B,B,B,B,B,B,B,B,B,B,B,B,B,B,B,B,B,B,B,B,B,B,B,B,B,B,B,B,B,B,B,B,B,B,B,B,B,B,B,B,B,B,B,B,B,B,B,B,B,B,B,B,B,B,B,B,B,B,B,B,B,B,B,B,B,B,B,B,A,A,A,A,A,A,A,A,A,A,A,A,A,B,B,B,B,B,B,*,B,B,B
75.15564286,83.06671429,88.56521429,B,B,B,B,B,B,B,B,B,B,B,B,B,B,B,B,B,B,B,B,B,B,B,B,B,B,A,A,A,A,A,A,A,A,A,A,A,A,A,A,A,A,A,A,A,A,A,A,A,A,A,A,A,A,A,A,A,A,A,A,A,A,A,A,A,A,A,A,B,B,B,B,B,B,A,A,A,A,A,A,A,A,A,A,A,A,A,A,A,A,A,A,A,A,A,A,A,A,A,A,A,A,A,A,A,A,A,A,A,A,A,A,A,A,A,A,A,A,A,A,A,A,A,A,A,A,A,A,B,B,B,B,A,A,A,A,A,A,A,A,A,A,A,A,A,A,B,B,B,B,B,B,B,B,B,B,B,B,B,B,B,A,A,A,A,A,A,B,B,B,A,A,A,A,A,A,A,A,A,A,A,A,A,A,A,A,A,A,A,A,*,A,A,A,A,A,A,A,A,A,A,A,A,A,A,A,A,A,*,A,A,A,A,A,A,A,A,A,A,A,A,A,A,A,A,A,A,A,A,A,*,A,A,A
86.70383333,91.50208333,94.21858333,A,A,A,A,A,A,A,B,B,B,*,B,B,B,B,A,A,A,A,A,A,A,A,*,*,*,B,B,B,B,B,B,B,B,B,B,B,B,B,B,B,B,B,B,B,B,B,A,A,A,A,A,A,A,A,A,A,A,A,A,A,A,A,A,A,*,A,A,A,A,A,A,A,A,A,A,A,A,A,A,A,B,B,B,B,B,B,B,B,B,B,B,B,B,B,B,B,B,B,B,B,B,B,B,B,B,B,B,B,B,B,B,B,B,A,A,A,A,A,A,A,A,A,A,A,A,A,A,A,A,A,A,A,A,A,A,A,A,A,A,A,A,A,A,A,A,A,A,A,A,A,A,A,A,A,A,A,A,A,A,A,A,A,A,A,A,A,B,B,B,B,B,B,B,B,B,B,B,B,B,B,B,B,B,B,B,B,B,B,B,B,A,A,A,A,A,A,A,A,A,A,A,A,A,A,A,A,A,A,A,A,A,A,A,A,A,A,A,A,A,A,A,A,A,A,A,A,A,A,A,*,A,A,A
66.75223077,77.14146154,85.51861538,A,A,A,A,A,A,A,A,A,A,A,A,A,A,A,A,A,A,A,A,B,B,B,B,B,B,B,B,A,A,A,A,A,A,A,A,A,A,A,A,A,A,A,A,A,A,A,A,A,A,A,A,A,A,A,A,A,A,A,A,A,A,A,A,A,A,A,A,A,A,A,A,A,A,A,A,A,A,A,A,A,A,B,B,B,B,A,A,A,A,A,B,B,B,B,B,B,B,B,B,B,B,B,B,B,B,B,B,B,B,B,B,B,B,B,B,B,B,B,B,B,B,B,B,B,B,B,B,B,B,B,B,B,B,A,A,A,A,A,A,A,A,A,A,A,A,A,A,A,A,A,A,A,A,A,A,A,A,A,A,A,A,A,A,B,B,B,B,B,B,B,B,B,B,B,B,B,B,B,B,A,A,A,A,A,A,A,A,A,A,A,B,B,B,B,B,B,B,B,B,B,B,B,B,B,B,B,B,B,A,A,A,A,A,A,A,A,A,A,A,A,A,A,A,B,B,B,B,B,B,*,B,B,B
67.64927273,77.14690909,83.35336364,A,A,B,B,B,*,B,B,*,*,B,B,B,B,B,B,B,B,A,A,A,A,A,A,A,A,*,A,A,A,*,A,A,A,A,A,A,A,A,A,A,A,A,A,A,A,A,A,A,A,A,A,A,A,A,A,A,A,A,A,*,A,A,B,B,B,B,B,B,B,B,B,B,B,B,B,B,B,B,B,B,B,B,B,B,*,B,B,A,A,A,A,A,A,A,*,A,A,A,A,A,A,A,*,A,A,A,A,A,A,A,A,A,A,A,A,A,A,A,A,*,A,A,A,A,*,*,*,A,A,A,A,A,A,A,A,A,A,A,A,A,A,A,*,A,A,A,A,A,A,A,A,A,A,A,A,A,A,*,*,A,A,A,A,A,A,A,A,A,*,A,A,A,A,A,A,A,*,A,A,A,A,A,A,A,A,A,*,A,A,A,A,A,A,A,A,A,A,A,A,A,A,A,A,A,A,A,A,*,*,*,A,A,A,A,A,A,A,A,A,A,A,A,A,B,B,B,B,B,B,*,B,B,B
70.85685714,80.24607143,86.95328571,A,A,A,A,B,B,B,B,B,B,B,A,*,A,A,A,A,A,A,A,A,A,A,A,A,A,A,A,A,A,A,A,A,A,A,A,A,A,A,A,A,A,A,A,A,A,A,A,A,A,A,A,A,A,A,A,A,A,A,A,A,A,A,A,A,A,A,A,B,B,B,B,B,B,B,B,B,B,B,B,B,B,B,B,B,B,B,B,B,B,B,B,B,B,B,B,B,B,B,B,B,B,B,B,B,B,B,B,B,B,B,B,B,B,B,B,B,B,B,B,B,B,B,B,B,B,B,B,A,A,A,A,A,B,B,B,B,B,B,B,B,B,B,B,B,B,B,B,B,B,B,B,B,B,B,B,B,B,B,B,B,B,B,B,B,B,B,A,A,A,A,A,A,A,A,A,A,A,A,A,A,A,A,A,A,A,A,A,B,B,B,B,B,B,B,B,B,B,B,B,B,B,B,B,B,B,B,B,B,A,A,A,A,A,A,A,A,A,A,A,A,A,A,A,A,A,A,A,A,A,*,A,A,A
79.26971429,89.24521429,95.7205,B,B,B,B,B,B,B,B,A,A,A,A,A,A,A,A,A,A,A,A,A,A,A,A,A,A,A,A,A,A,A,A,A,A,A,A,A,A,A,A,A,A,A,A,A,A,A,A,A,A,A,A,A,B,B,B,B,B,B,B,B,B,B,B,B,B,A,A,B,*,*,*,*,*,*,*,*,*,*,A,A,A,A,A,A,A,A,A,A,A,A,A,B,B,B,B,B,B,B,B,B,B,B,B,B,B,B,B,B,B,B,B,B,B,B,B,B,B,B,B,B,B,B,B,B,B,B,B,B,B,B,B,A,A,A,A,A,A,A,A,A,A,A,A,A,A,A,A,A,A,A,A,A,A,A,A,A,A,A,A,A,A,A,A,A,A,A,A,A,A,A,A,A,A,A,A,A,A,A,A,B,B,B,B,B,B,B,B,B,A,A,A,A,A,A,A,A,A,A,A,A,A,A,A,A,A,A,A,A,B,B,B,B,B,B,B,B,B,B,B,B,B,A,A,A,A,A,A,A,A,*,A,A,A
81.84647368,87.38468421,89.08273684,A,A,A,A,B,B,B,B,B,B,B,B,B,B,B,B,A,A,A,A,A,A,A,A,A,B,A,A,A,A,A,A,A,A,A,A,A,A,A,A,A,A,A,A,A,B,B,B,B,B,B,B,B,B,B,B,B,B,B,B,B,B,B,B,B,B,A,A,B,B,B,B,B,B,B,B,B,B,B,B,B,B,B,B,B,B,B,*,A,A,A,A,A,A,A,A,A,A,A,A,A,A,A,A,A,A,A,A,A,A,A,A,A,A,A,A,A,A,A,A,A,A,A,A,A,A,A,A,A,A,A,A,A,B,B,B,B,B,B,B,B,B,B,B,B,B,B,B,B,A,A,A,A,A,A,A,A,A,A,A,A,A,A,A,A,A,A,A,A,A,A,A,A,A,A,A,A,A,A,A,A,A,A,A,A,A,A,A,A,A,A,B,B,B,B,B,B,B,B,B,B,B,B,B,B,B,B,B,B,B,B,B,B,B,B,B,B,B,B,A,A,A,A,A,A,A,A,A,A,A,*,A,A,A
64.50872727,74.13072727,82.38072727,A,*,A,A,A,A,A,A,A,A,A,A,A,A,A,A,A,A,A,A,A,A,B,B,B,B,A,B,B,B,B,B,B,B,B,B,B,B,B,B,B,B,B,B,B,B,B,B,B,B,B,*,B,B,B,B,B,B,B,B,B,B,B,B,B,B,B,B,B,B,B,B,B,B,B,B,B,B,B,B,B,B,A,A,A,A,A,A,A,A,A,A,A,A,A,A,A,A,A,A,A,A,A,A,A,A,A,A,A,A,A,A,A,A,A,A,A,A,A,A,A,A,A,A,A,A,A,A,A,A,A,A,A,A,B,B,B,B,B,B,B,B,B,B,B,B,B,B,B,B,B,B,B,B,B,B,B,B,B,B,B,*,B,B,A,A,A,B,B,B,B,B,B,B,B,B,B,B,A,A,A,A,A,A,A,A,A,A,A,A,A,A,A,A,A,A,A,A,A,B,B,A,A,A,A,A,A,A,A,A,A,A,A,A,A,A,A,B,B,B,B,B,B,B,B,B,A,A,A,A,*,A,A,A
81.83657143,89.82221429,94.05214286,A,A,A,A,A,A,A,A,A,A,A,A,A,A,A,A,A,A,A,A,A,A,A,A,A,A,A,A,A,A,A,A,A,A,A,A,A,A,A,A,A,A,A,A,A,A,A,A,A,A,A,A,A,A,A,A,A,A,A,A,B,B,B,B,A,A,A,A,A,A,A,A,A,A,A,A,A,A,A,A,A,A,A,A,A,A,A,A,A,A,A,A,A,A,A,A,A,A,A,A,A,A,A,A,A,A,A,A,A,A,A,A,A,A,A,A,A,A,A,A,A,A,A,*,A,A,A,A,A,A,A,A,A,A,B,B,B,B,B,B,B,B,B,B,B,B,B,B,B,B,B,B,B,B,B,B,B,B,B,B,B,B,B,B,B,A,A,B,A,A,A,A,A,A,A,A,A,A,A,A,A,A,A,A,A,A,A,A,A,A,A,A,A,A,A,A,A,A,A,A,A,A,A,A,A,A,A,A,*,A,A,A,A,A,A,A,A,A,A,A,A,A,A,A,A,A,A,A,A,A,*,A,A,A
74.97855556,84.28472222,92.17844444,B,B,B,B,B,B,A,A,A,A,A,A,A,A,A,A,A,A,A,A,A,A,A,A,A,A,B,A,A,A,A,A,A,A,A,A,A,A,A,A,A,A,A,A,A,A,A,A,A,A,A,A,A,B,B,B,B,B,B,B,B,B,B,B,B,B,A,A,B,B,B,B,B,A,A,A,A,A,A,A,A,A,A,A,A,A,A,A,A,A,A,A,A,A,A,A,A,A,A,A,A,A,A,A,A,A,A,A,A,A,A,A,A,A,A,A,A,A,A,A,A,A,A,A,A,A,A,A,B,B,B,B,A,A,A,A,A,A,A,A,A,A,A,A,A,A,A,A,A,A,B,B,B,B,B,B,B,B,B,B,B,B,B,B,B,B,A,A,A,A,A,A,A,A,A,A,A,A,A,A,A,A,A,A,A,A,A,A,A,A,A,A,A,A,A,A,A,A,A,A,A,A,A,A,A,A,A,A,A,A,A,A,A,A,A,A,A,A,A,A,A,A,A,A,A,A,A,A,A,A,*,A,A,A
86.0733,91.69465,96.03665,B,A,A,A,A,A,A,A,A,A,B,B,B,B,B,B,B,B,B,B,B,B,B,B,B,B,B,B,B,B,B,B,B,B,B,B,B,B,B,B,B,B,B,B,B,B,B,B,B,B,B,B,B,A,A,A,A,A,A,A,A,A,A,A,A,A,A,A,A,A,A,A,A,A,A,A,A,A,A,A,A,A,A,A,A,A,A,A,A,A,A,B,B,B,B,B,B,B,B,B,B,B,B,B,B,B,B,B,B,B,B,B,B,B,B,B,B,B,B,B,B,B,B,B,B,B,B,B,B,B,B,B,B,B,B,B,B,B,B,B,B,B,B,B,B,B,B,B,A,A,A,A,A,A,A,A,A,A,A,A,A,A,A,A,A,A,A,B,B,B,B,B,B,B,B,B,B,B,B,B,B,B,B,B,B,B,B,B,B,A,A,A,A,A,A,A,A,A,A,A,A,A,A,A,A,A,A,A,*,A,A,A,A,A,A,A,A,A,A,A,A,A,A,A,A,A,A,A,A,A,*,A,A,A
76.26453846,88.09292308,97.18476923,B,B,B,B,B,B,B,B,B,B,B,A,A,A,A,A,*,*,B,B,B,B,B,B,B,B,A,A,A,A,A,A,A,A,A,A,A,A,A,A,A,A,A,A,A,A,A,A,A,A,A,A,A,A,A,A,A,A,A,A,B,B,B,B,B,B,B,B,A,A,A,A,A,A,A,B,B,B,B,B,B,B,B,B,B,B,B,B,B,B,B,B,B,B,B,B,B,B,B,B,B,B,B,B,B,B,B,B,B,B,B,B,B,B,B,B,B,B,B,B,B,B,B,B,B,B,B,B,B,B,B,B,A,B,B,B,B,B,B,B,B,B,B,B,B,B,B,B,B,B,B,B,B,B,B,B,B,A,A,A,A,A,A,A,A,A,A,A,A,A,A,A,A,A,A,A,A,A,A,A,A,A,A,A,A,B,B,B,A,B,B,B,B,B,B,B,B,B,A,A,A,A,A,A,A,A,A,A,A,A,A,A,A,A,A,A,A,A,A,B,B,B,B,B,A,A,A,A,A,A,*,A,A,A
67.85226667,73.4744,78.60473333,B,B,A,A,A,A,A,A,A,A,B,B,B,B,B,B,B,B,B,B,B,B,B,B,B,B,A,A,A,A,A,A,A,A,A,A,A,A,A,A,A,A,A,A,A,A,A,A,B,B,B,B,B,B,B,B,B,B,B,B,B,B,B,B,B,B,A,A,B,B,*,*,B,B,B,B,B,B,B,B,B,B,B,B,B,B,B,B,B,B,B,B,B,B,B,B,B,B,B,B,B,B,B,B,B,B,B,B,B,B,B,B,B,B,B,B,B,B,B,B,B,B,B,B,B,B,B,B,B,B,B,B,A,A,B,B,B,B,B,B,B,B,B,B,B,B,B,B,B,B,B,B,B,B,B,B,B,B,B,B,B,B,B,B,B,B,B,A,A,B,B,B,B,B,B,B,B,B,B,B,A,A,A,A,A,A,A,A,B,B,B,B,B,B,B,B,B,B,B,B,B,B,B,B,B,B,B,B,*,B,B,B,B,A,A,A,A,A,A,A,A,A,A,A,A,A,A,A,A,A,*,A,A,A
71.54121053,78.75557895,84.08942105,B,B,B,B,B,B,B,B,B,B,A,A,A,A,A,A,A,A,B,B,A,A,A,A,A,A,A,A,A,A,A,A,A,A,A,A,A,A,A,A,A,A,A,A,A,A,A,A,A,A,A,A,A,A,A,A,A,A,A,A,A,A,A,A,A,A,A,A,B,B,B,B,B,B,B,B,B,B,B,B,B,B,B,B,B,B,B,B,B,B,B,B,B,B,B,B,B,B,B,B,B,B,B,B,B,B,B,B,B,B,B,B,B,B,B,B,B,B,B,B,B,B,B,B,B,B,B,B,B,B,B,B,B,B,B,B,B,B,B,B,B,B,B,B,B,B,B,B,B,B,B,B,B,B,B,B,B,B,B,B,B,B,B,B,B,B,A,B,B,B,B,A,A,A,A,A,A,A,A,A,A,A,A,A,A,A,A,A,A,A,A,A,A,A,A,A,A,A,A,A,A,A,A,A,A,A,A,A,A,A,A,A,A,A,A,A,A,A,A,A,A,A,A,A,A,A,A,A,A,A,*,A,A,A
91.056,98.0777,103.6719,A,A,A,A,A,A,A,A,A,A,A,A,A,A,A,A,A,A,A,A,A,A,A,A,A,A,B,B,B,B,B,B,B,B,B,B,B,B,B,B,B,B,B,B,B,B,B,B,B,B,B,B,B,B,B,B,B,B,B,B,B,B,B,B,B,B,B,B,A,A,A,A,A,A,A,A,A,A,A,A,A,A,A,A,A,A,A,A,A,A,A,A,B,B,B,B,B,B,B,B,B,B,B,B,B,B,B,B,B,B,B,B,B,B,B,B,B,B,B,B,B,B,B,B,B,B,B,B,B,B,B,B,B,A,A,A,A,*,A,A,A,A,A,A,A,A,A,A,A,A,A,A,A,A,A,A,A,A,A,A,A,B,B,B,B,B,B,A,A,A,A,A,A,A,A,A,A,A,A,A,A,A,A,A,A,B,B,B,B,B,B,B,B,B,B,B,B,B,B,B,B,B,B,B,B,B,B,B,B,B,B,B,B,B,B,B,B,B,B,B,B,B,B,B,B,B,B,B,B,B,*,B,B,B
52.6493125,62.09575,69.3090625,A,A,A,A,A,A,A,A,A,B,B,B,B,B,B,B,B,B,B,B,B,B,B,B,B,B,A,A,A,A,A,A,A,A,A,A,A,A,A,A,A,A,A,A,A,A,A,A,A,A,A,A,A,A,A,A,A,A,A,A,A,A,A,A,A,A,B,B,A,A,A,A,A,A,A,A,A,A,A,A,A,A,A,A,A,A,A,A,A,A,A,A,B,B,B,B,B,B,B,B,B,B,B,B,B,B,B,B,B,B,B,B,B,B,B,B,B,B,B,B,B,B,B,B,B,B,B,B,B,A,A,A,B,B,B,B,B,B,B,B,B,B,B,B,B,B,B,B,B,B,B,B,B,B,B,B,B,B,B,B,B,B,B,B,B,B,B,B,B,B,B,A,A,A,A,A,A,A,A,A,A,A,A,B,B,B,B,B,B,B,B,B,B,B,B,B,B,B,B,B,B,B,B,B,B,B,B,B,B,B,B,B,B,B,B,B,B,B,B,B,B,B,B,B,B,B,B,B,B,B,*,B,B,B
57.35605882,70.57152941,81.48994118,A,A,A,A,A,A,A,A,A,A,B,B,B,B,B,*,*,*,A,A,A,A,B,B,A,A,B,B,B,B,B,B,B,B,B,B,B,B,B,B,B,B,B,B,B,B,B,B,B,B,B,B,B,B,B,B,B,B,B,B,B,B,B,B,B,B,B,B,A,A,A,A,A,B,B,*,B,B,B,B,B,B,B,B,B,B,*,*,*,*,*,*,B,B,B,B,B,B,B,B,B,B,B,B,B,B,B,B,B,B,B,B,B,B,B,B,B,B,B,B,B,B,B,B,B,B,B,B,B,B,B,B,*,A,A,A,A,A,A,A,A,A,A,A,A,A,A,A,A,A,A,A,A,A,A,A,A,A,A,A,A,A,B,B,B,B,B,A,A,A,A,A,A,A,A,A,A,A,A,A,A,A,A,A,A,B,B,B,B,B,B,B,B,B,B,B,B,B,B,B,B,B,B,B,B,B,B,B,B,B,B,B,B,A,A,A,A,A,A,A,A,A,A,A,A,B,*,*,*,*,*,A,A,A
83.85282353,91.17317647,96.27141176,B,B,B,B,B,B,B,B,B,B,B,B,B,B,B,B,B,B,B,B,B,B,B,B,B,A,A,A,A,A,A,A,A,A,A,B,B,B,B,B,B,B,B,B,B,B,B,B,B,B,A,A,A,A,A,A,A,A,A,A,A,A,A,A,A,A,A,A,A,A,A,A,A,A,A,A,A,A,A,A,A,A,A,A,A,A,A,A,A,A,A,A,A,A,A,A,A,A,A,A,A,A,A,A,A,A,A,A,A,A,A,A,A,A,A,A,A,A,B,B,B,B,B,B,B,B,B,B,B,B,B,B,A,B,A,A,A,A,A,A,A,A,A,A,A,A,A,A,A,A,A,A,A,A,A,A,A,A,A,A,A,A,A,A,A,A,A,A,A,A,A,A,A,A,A,A,A,A,A,A,A,A,A,A,A,A,B,B,B,B,B,A,A,A,A,A,A,A,A,A,A,A,A,A,B,B,A,A,A,A,A,A,A,A,A,A,A,A,A,A,A,A,A,A,A,A,A,A,A,A,*,A,A,A
77.28192857,88.44642857,99.46985714,B,B,B,B,B,B,B,B,B,B,A,A,B,B,A,A,A,A,A,A,A,A,A,A,A,B,B,B,B,A,A,A,A,A,A,A,A,A,A,A,A,A,A,A,A,A,A,A,A,A,A,A,B,B,B,A,A,A,A,A,A,A,A,A,A,*,A,A,A,A,A,A,A,A,A,A,A,A,A,A,A,A,A,A,A,A,A,A,A,A,A,A,A,A,A,A,A,A,A,A,A,A,A,A,A,A,A,A,A,A,A,A,A,A,A,A,A,A,A,A,A,A,A,A,A,A,A,A,A,A,A,A,A,A,B,B,B,B,B,B,B,B,B,B,B,B,B,B,B,B,B,B,B,B,B,B,B,B,B,B,B,B,B,B,B,B,B,A,A,A,A,A,A,A,A,A,A,A,A,A,A,A,A,A,A,A,A,A,A,A,B,B,B,B,B,B,B,B,B,B,B,B,B,B,B,B,*,A,A,A,A,A,A,A,A,A,A,A,A,A,A,A,A,A,A,A,A,A,A,A,*,A,A,A
94.57515385,107.1003077,116.2063077,*,A,A,A,A,A,B,B,B,B,B,B,B,B,B,*,B,B,A,A,A,A,A,A,A,A,B,B,B,B,B,B,B,B,B,B,B,B,B,B,B,B,B,B,B,B,A,A,A,A,A,B,B,B,B,B,B,B,B,B,B,B,B,B,B,B,B,B,A,A,A,A,A,A,A,A,A,A,A,A,A,A,A,A,A,A,A,A,B,B,B,B,A,A,A,A,A,A,A,A,A,A,A,A,A,A,A,A,A,A,A,A,A,A,A,B,B,B,A,A,A,A,A,A,A,B,B,B,B,B,B,B,*,B,B,B,B,B,B,B,B,B,B,B,B,B,B,B,B,B,B,B,B,B,B,B,B,B,B,B,B,B,B,B,A,A,A,A,A,A,A,A,A,*,A,A,A,A,A,A,A,A,A,A,A,A,A,A,A,A,A,A,A,A,A,A,A,A,A,A,A,A,A,A,B,B,B,B,B,B,B,B,B,B,B,B,B,B,B,B,B,B,B,B,B,B,B,B,B,B,*,A,A,A
66.6415,75.65,81.5605,B,B,B,B,B,B,B,A,A,A,A,B,B,A,A,A,A,A,A,A,A,A,A,A,A,A,A,A,A,A,A,A,A,A,A,A,A,A,A,A,A,A,A,A,A,A,A,A,A,A,A,A,A,A,A,A,A,A,A,A,A,A,A,A,A,A,A,A,B,A,A,A,A,A,A,A,A,A,A,A,A,A,A,A,A,A,A,A,A,A,A,A,A,A,A,A,A,A,A,A,A,A,A,A,A,A,A,A,A,A,A,A,A,A,A,A,A,A,B,B,B,B,B,B,B,B,B,B,B,B,B,B,B,B,B,B,B,B,B,B,B,B,B,B,B,B,B,B,B,B,B,B,B,B,B,B,B,B,B,B,B,B,B,B,B,B,A,B,B,B,B,B,B,B,A,A,A,A,A,A,A,A,A,A,A,A,A,A,A,A,A,A,A,A,A,A,A,A,A,A,A,A,A,A,A,A,A,A,A,A,A,A,A,A,A,A,A,A,A,A,A,A,A,A,A,A,A,A,A,A,*,A,A,A
78.98763158,85.23842105,89.55973684,A,B,B,B,A,A,A,A,A,A,A,A,A,B,B,A,A,A,A,A,A,A,A,A,A,A,B,B,B,B,B,B,B,B,B,B,B,B,B,B,B,B,B,B,B,B,B,B,B,B,B,B,B,B,B,B,A,A,A,A,A,A,A,A,A,A,A,A,B,B,A,A,A,A,A,A,A,A,A,A,A,A,B,B,B,B,B,B,A,A,A,A,A,A,A,A,A,A,A,A,A,A,A,A,A,A,A,A,A,A,A,A,A,A,A,A,A,A,A,A,A,A,A,A,A,A,A,A,A,A,A,A,A,A,A,A,A,A,A,A,A,A,A,A,A,A,A,A,A,A,A,A,A,A,A,A,A,A,A,A,A,B,B,B,B,A,A,A,A,A,A,A,A,A,A,A,A,A,A,A,A,A,A,A,A,A,A,A,A,A,A,A,A,A,A,A,A,A,A,A,A,A,A,A,A,A,A,A,A,A,A,A,A,A,A,A,A,A,A,A,A,A,B,B,B,B,B,B,B,B,*,B,B,B
85.13742105,92.11621053,94.39305263,B,B,B,B,B,B,B,B,B,B,A,A,A,A,A,A,A,A,A,A,A,A,A,A,A,A,A,A,A,A,A,A,A,A,A,A,A,A,A,A,A,A,A,A,A,A,A,A,A,A,A,A,A,A,A,A,A,A,A,A,A,A,A,A,A,A,A,A,B,B,B,B,B,B,B,B,B,B,B,B,B,B,B,B,B,B,B,B,B,B,B,B,A,A,A,A,A,A,A,A,A,A,A,A,A,A,A,A,A,A,A,A,B,B,B,B,B,B,B,B,B,B,B,B,B,B,B,B,B,B,B,B,B,B,A,A,A,A,A,A,A,A,A,A,A,A,A,A,A,A,A,A,A,A,A,A,A,A,A,A,A,A,A,A,A,B,B,A,A,A,A,A,A,A,A,A,A,A,B,B,A,A,A,A,A,A,A,A,A,A,A,B,B,B,B,B,B,B,B,B,B,B,B,B,B,B,B,B,B,B,B,B,B,B,B,B,B,B,B,B,B,B,B,B,B,B,B,B,B,B,*,B,B,B
70.33855556,77.467,86.03888889,B,B,B,B,B,B,B,B,A,A,A,B,B,B,B,B,B,B,B,B,B,B,B,B,B,B,A,A,A,A,A,A,A,A,A,A,A,A,A,A,A,A,A,A,A,A,A,A,A,A,A,A,A,B,B,B,B,B,B,B,B,B,B,B,B,B,B,B,B,B,B,B,B,B,B,B,B,B,B,B,B,B,B,B,B,B,B,B,B,B,B,B,B,B,B,B,B,B,B,B,B,B,B,B,B,B,B,B,B,B,B,B,B,B,B,B,B,A,A,*,A,A,A,A,A,A,A,A,A,A,A,A,A,A,A,A,A,A,A,A,A,A,A,A,A,A,A,A,A,A,A,A,A,A,A,A,A,A,A,A,A,A,A,A,A,A,A,B,B,B,B,B,B,B,B,B,B,B,B,B,B,B,B,B,B,B,B,B,B,B,B,B,B,B,B,B,B,B,B,B,B,B,B,B,B,B,A,A,A,A,A,A,A,A,A,A,A,A,A,A,A,A,A,A,B,B,B,B,B,B,*,B,B,B
71.23857143,80.11942857,86.89235714,A,A,A,A,A,A,A,A,B,B,B,B,B,B,B,B,B,A,A,A,A,A,A,A,A,A,A,A,A,A,A,A,A,A,A,A,A,A,A,A,A,A,A,A,A,A,A,A,A,A,A,A,A,A,A,A,A,A,A,A,A,A,A,A,A,A,A,A,B,B,A,A,A,A,A,A,A,A,A,A,A,A,A,A,A,A,A,A,A,A,A,A,A,A,A,A,A,A,A,A,A,A,A,A,A,A,A,A,A,A,A,A,A,A,A,A,A,A,A,A,A,A,A,A,A,A,A,B,B,B,B,B,B,B,B,B,B,B,B,B,B,B,B,B,B,B,B,B,B,B,B,B,B,B,B,B,B,B,B,B,B,B,B,B,B,B,B,A,A,A,A,A,A,A,A,A,A,A,A,A,A,A,A,A,A,A,A,A,A,A,A,B,B,B,B,B,B,B,B,B,B,B,B,B,B,B,B,B,B,B,B,B,B,B,B,B,B,B,B,B,B,B,B,B,B,B,A,A,A,A,*,B,B,B
85.20995238,95.46685714,102.0035238,A,A,A,A,A,A,B,B,B,B,B,B,B,B,B,B,B,B,A,A,A,A,B,B,B,B,B,A,A,B,B,B,B,B,B,B,B,B,B,B,B,B,B,B,B,B,B,B,A,A,A,A,A,A,A,A,A,A,A,A,A,A,A,A,A,A,A,A,A,A,A,A,A,A,A,B,B,A,A,A,A,A,A,A,A,A,A,A,A,A,A,A,A,A,A,A,A,A,A,A,A,A,A,A,A,A,A,A,A,A,B,B,B,B,B,B,B,B,B,B,B,B,B,B,B,B,B,B,B,B,B,B,B,B,B,B,B,B,B,B,B,B,B,B,B,B,B,B,A,A,A,A,A,A,A,A,A,A,A,A,A,A,A,A,A,A,A,A,A,A,A,A,A,A,A,A,A,A,A,A,A,A,A,A,A,A,A,A,A,A,A,A,A,A,A,A,A,A,A,A,A,A,A,A,A,A,A,A,A,A,A,A,A,A,A,A,A,A,A,A,A,A,A,A,A,A,A,A,A,A,*,A,A,A
67.08190909,73.94463636,78.30481818,B,B,B,B,B,B,B,B,B,B,B,B,B,B,B,B,B,B,B,B,B,B,B,B,B,B,A,A,B,B,B,B,B,B,B,B,B,B,B,B,B,B,B,B,B,B,B,A,A,A,A,A,A,A,A,A,A,A,A,A,A,A,A,A,A,A,A,A,B,B,B,B,B,B,B,B,A,A,A,A,A,A,A,A,A,A,A,A,A,A,A,A,A,A,A,A,A,A,A,A,A,A,A,A,A,A,A,A,A,A,A,A,A,A,A,B,B,B,B,B,B,B,B,B,B,B,B,B,B,B,B,B,B,B,B,B,B,B,B,B,B,B,B,B,B,B,B,B,B,B,B,B,B,B,B,B,B,B,B,B,A,A,A,A,A,A,A,B,B,B,B,B,B,B,B,A,A,A,A,A,A,A,A,A,A,A,A,A,A,A,A,A,A,A,A,A,A,A,A,A,A,A,A,A,A,A,A,A,A,A,A,A,A,A,A,A,A,A,A,A,A,A,A,A,A,A,A,A,A,A,*,A,A,A
82.12186667,91.1472,97.2428,B,B,B,B,B,B,A,A,B,B,B,B,B,B,B,A,A,*,A,A,A,A,A,A,A,A,B,B,B,B,B,B,B,B,B,B,B,B,B,B,B,B,B,B,B,B,B,B,B,B,B,*,B,B,B,B,B,B,B,B,A,A,A,A,A,A,A,A,A,B,B,B,B,B,B,B,B,B,B,B,B,B,B,B,B,A,A,A,A,A,A,B,B,B,B,B,B,B,B,B,B,B,B,B,B,B,B,B,B,B,B,B,B,B,B,B,B,B,B,B,B,B,B,B,B,B,B,B,B,B,B,B,A,A,A,A,A,A,A,A,A,A,A,A,A,A,A,A,A,A,A,A,A,A,A,A,A,A,A,A,A,A,A,A,A,A,A,B,B,B,B,A,A,A,A,A,A,A,A,A,A,A,A,B,B,B,A,A,A,A,A,A,A,A,A,A,A,A,A,A,A,A,A,A,A,A,A,A,A,A,A,A,A,A,A,A,A,A,A,A,A,A,A,A,A,A,A,A,A,A,*,A,A,A
88.76023077,101.9088462,111.5778462,B,B,B,B,B,B,B,B,B,B,A,A,A,A,A,A,A,A,A,A,A,A,A,A,A,A,A,A,B,B,B,B,B,B,B,B,B,B,B,B,B,B,B,B,B,B,B,B,B,B,B,B,B,B,B,B,B,B,B,B,B,B,B,B,B,B,B,B,A,A,A,A,A,A,A,A,A,A,A,A,A,A,A,A,B,B,B,B,B,B,B,B,B,B,B,B,B,B,B,B,B,B,B,B,B,B,B,B,B,B,B,B,B,B,B,B,B,B,B,B,B,B,B,B,B,B,B,B,B,B,B,B,B,B,B,B,B,B,B,B,B,B,B,B,B,B,B,B,B,B,B,B,B,B,B,B,B,A,A,A,A,A,A,A,A,A,B,A,A,A,A,A,A,A,A,A,B,B,B,B,B,B,B,A,A,A,A,A,A,A,A,A,A,A,A,A,A,A,A,A,A,A,A,A,A,A,A,A,A,A,A,A,A,A,A,A,A,A,A,A,A,A,B,B,A,A,A,A,A,A,*,B,B,B
80.80583333,88.57416667,95.08116667,B,B,B,B,B,B,B,B,A,A,B,B,B,B,B,B,B,B,B,B,B,B,B,B,B,B,B,B,B,B,B,B,B,B,B,B,B,B,B,B,B,B,B,B,B,B,B,B,B,B,B,A,A,A,A,A,A,A,A,A,A,A,A,A,A,A,A,A,A,A,A,A,A,A,B,B,B,B,B,B,B,A,A,A,A,A,A,A,A,A,A,A,A,A,A,A,A,A,A,A,A,A,A,A,A,A,A,A,A,A,A,A,A,A,A,A,A,A,A,A,A,A,A,A,A,A,A,A,A,A,A,A,A,A,A,A,A,A,A,A,A,A,A,A,A,A,A,A,A,A,A,A,A,A,A,A,A,A,A,A,A,A,A,A,A,A,A,B,B,B,B,B,B,B,B,B,B,B,B,B,B,B,B,B,B,B,B,B,A,A,A,B,B,B,B,B,B,B,B,B,B,B,A,A,A,A,A,A,A,A,A,B,B,B,B,B,B,B,B,B,B,B,B,B,B,B,B,B,B,B,*,B,B,B
72.141,80.04689474,85.54457895,B,B,B,B,B,B,B,B,B,B,B,B,B,A,A,A,A,A,B,B,B,B,B,B,B,A,A,B,B,B,B,B,B,B,B,B,B,B,B,B,B,B,B,B,B,B,B,B,B,B,B,B,B,B,B,B,B,B,B,B,B,B,B,A,A,A,A,A,A,A,A,A,A,A,A,A,A,A,A,A,A,A,A,A,A,A,A,A,A,A,A,A,B,B,B,B,B,B,B,B,B,B,B,B,B,B,B,B,B,B,B,B,B,B,B,B,B,B,B,B,B,B,B,B,B,B,B,B,B,B,B,B,A,A,A,A,A,A,A,A,A,A,A,A,A,A,A,A,B,B,B,B,B,B,B,B,B,B,B,B,B,A,A,A,A,A,B,A,A,A,A,A,A,A,A,A,A,A,A,A,A,A,A,A,A,A,A,A,A,A,A,A,A,A,A,A,A,A,A,A,A,A,A,A,A,A,A,A,A,A,A,A,A,A,A,A,A,A,A,A,A,A,A,A,A,A,A,A,A,A,*,A,A,A
76.88666667,86.71183333,93.80575,B,B,B,B,B,B,B,B,B,B,*,*,*,*,B,A,A,A,A,A,B,B,B,B,B,B,A,A,A,A,A,A,A,A,A,A,A,A,A,A,A,A,A,A,A,A,A,A,A,A,A,A,A,A,A,A,A,A,A,A,A,A,A,A,A,A,A,A,B,B,B,B,B,B,B,B,B,B,B,B,B,B,B,B,B,B,B,B,B,B,B,B,B,B,B,B,B,B,B,B,B,B,B,B,B,B,B,B,B,B,B,B,B,B,B,B,B,B,B,B,B,B,B,B,B,B,B,B,B,B,B,B,B,B,B,*,B,B,B,B,B,A,A,A,A,A,A,A,A,A,A,A,A,A,A,A,A,A,A,A,A,A,A,A,A,A,A,A,A,A,A,A,A,A,A,A,A,A,A,A,A,A,A,A,A,A,A,A,A,A,A,A,A,A,A,A,A,A,A,A,A,A,A,A,A,A,A,A,A,A,A,A,A,A,A,A,A,A,A,A,A,A,A,A,A,A,A,A,A,A,*,A,A,A
78.13476923,87.52169231,96.14215385,B,B,A,A,B,B,B,B,B,B,B,B,B,B,B,B,A,A,A,A,A,A,B,B,B,A,B,B,B,B,B,B,B,B,B,B,B,B,B,B,B,B,B,B,B,B,B,B,B,B,B,B,B,B,B,B,B,B,B,B,B,B,B,B,B,A,A,A,A,A,A,A,A,A,A,A,A,A,A,A,A,A,A,A,A,A,A,A,A,A,A,A,A,A,A,A,A,A,A,A,A,A,A,A,A,A,A,A,A,A,A,A,A,A,A,A,A,A,A,A,A,A,A,A,A,A,A,A,A,A,A,A,B,B,B,B,B,B,B,B,B,B,B,B,B,B,B,B,B,B,A,A,A,A,A,A,A,A,A,A,A,B,B,B,B,B,B,A,A,A,A,A,A,A,A,B,B,B,B,B,B,B,B,B,B,B,B,B,B,B,B,B,B,B,B,B,B,B,B,B,B,B,B,B,B,B,B,B,B,B,B,B,B,B,B,B,B,B,B,B,B,B,B,B,A,A,A,A,A,A,*,A,A,A
77.7605,88.65714286,95.27635714,A,B,B,B,B,B,B,B,B,B,B,B,B,B,B,A,A,A,A,A,A,A,A,B,B,B,A,*,A,A,A,A,A,A,A,A,A,A,A,A,A,A,A,A,A,A,A,A,A,A,A,A,A,A,A,A,A,A,A,A,A,A,A,A,A,A,A,A,B,B,B,B,B,B,B,B,B,B,B,B,B,B,B,B,B,B,B,B,B,B,B,B,B,B,B,B,B,B,B,B,B,B,B,B,B,B,B,B,B,B,B,B,B,B,B,B,B,B,B,B,B,B,B,B,B,B,B,B,B,B,B,B,A,A,A,A,A,A,A,A,A,A,A,A,A,A,A,A,A,A,A,A,A,A,B,B,B,A,A,A,A,A,A,A,A,B,B,B,B,B,B,B,B,B,B,B,B,B,B,B,B,B,B,B,B,B,B,B,B,A,A,A,A,A,A,A,A,A,A,A,A,A,A,A,A,A,A,A,A,A,A,A,A,A,A,A,A,A,A,A,A,A,A,A,A,A,A,A,A,A,*,A,A,A
69.11353846,78.15115385,84.52676923,A,A,A,B,B,B,B,B,B,B,B,A,A,A,A,A,A,A,A,A,A,A,A,A,A,A,A,A,A,A,A,A,A,A,A,A,A,A,A,A,A,A,A,A,A,A,A,A,A,A,A,A,A,A,A,A,A,A,A,A,A,A,A,A,A,B,B,B,A,A,A,A,A,A,A,A,A,A,A,A,A,A,A,B,B,B,B,B,B,B,B,B,B,B,B,B,B,B,B,B,B,B,B,B,B,A,A,A,A,A,A,A,A,A,A,A,A,A,A,A,A,A,A,A,A,A,A,A,A,A,A,A,A,A,A,A,A,A,A,A,A,A,A,A,A,A,A,A,A,A,A,A,A,A,B,B,B,B,B,B,B,B,B,B,B,B,B,A,A,A,A,A,A,A,A,A,A,A,A,A,A,A,A,A,A,A,A,A,B,B,B,A,A,A,A,A,A,A,A,A,A,A,A,A,A,A,A,A,*,A,A,A,A,A,A,A,A,A,A,A,A,A,A,A,A,A,A,A,A,A,*,A,A,A
66.08883333,78.43416667,89.38558333,B,B,B,B,B,B,B,B,B,B,B,B,B,B,B,B,A,A,A,A,A,A,A,A,A,A,B,B,B,B,B,B,B,B,B,B,B,B,B,B,B,B,B,B,B,B,B,B,A,A,A,A,A,A,A,A,A,A,A,A,A,A,A,A,A,A,B,B,A,A,A,A,A,A,A,A,A,A,A,A,A,A,A,A,A,A,A,A,A,A,A,A,A,A,A,A,A,A,A,A,A,A,A,A,A,A,A,A,A,A,A,A,A,A,A,A,A,A,A,A,A,A,A,A,A,A,A,A,A,A,A,A,A,A,A,A,A,A,A,A,A,A,A,A,A,A,A,A,A,A,A,A,A,A,A,A,A,A,A,A,A,A,A,A,A,A,A,B,B,A,A,A,A,A,A,A,A,A,A,A,A,A,A,B,B,B,B,B,B,A,A,A,A,A,A,A,A,A,A,A,A,A,A,A,A,A,A,A,A,A,A,A,A,A,A,A,A,A,A,A,A,A,A,A,A,A,A,A,A,A,*,A,A,A
67.95657143,73.65221429,77.58435714,A,B,B,A,A,A,A,A,B,B,B,B,B,B,B,B,B,A,A,A,B,B,B,B,B,A,B,B,B,B,B,B,B,B,B,B,B,B,B,B,B,B,B,B,B,A,A,A,A,A,A,A,A,A,B,B,B,B,B,B,B,B,B,B,B,A,A,A,A,A,A,A,A,A,A,A,A,A,A,A,A,A,A,A,A,A,A,A,A,A,A,A,A,A,A,A,A,A,A,A,A,A,A,A,A,A,A,A,A,B,B,B,B,B,B,B,B,B,B,B,B,B,B,B,B,B,B,B,B,B,B,B,B,A,A,A,A,A,A,A,A,A,A,A,A,A,*,*,*,B,B,B,B,B,A,A,A,A,A,A,A,A,A,A,A,B,B,B,B,B,B,B,B,B,B,B,B,B,B,B,B,B,B,B,B,B,B,B,B,A,A,A,A,A,A,A,A,A,A,A,A,A,A,A,A,A,A,A,A,A,A,A,A,A,A,A,A,A,A,A,A,A,A,A,A,A,B,B,B,B,*,B,B,B
82.59576471,92.64752941,99.26011765,B,B,B,B,B,B,A,A,A,A,A,A,A,A,A,B,B,B,B,B,A,A,B,B,B,B,B,B,B,B,B,A,A,A,A,A,A,A,A,A,A,A,A,A,A,A,A,A,A,A,A,A,A,A,A,A,A,A,A,A,A,A,A,A,A,A,A,A,A,A,A,A,A,A,A,A,A,A,A,A,A,A,A,A,A,A,A,A,*,A,A,A,A,A,A,A,A,A,A,A,A,A,A,A,A,A,A,A,A,A,A,A,*,A,A,A,A,A,A,A,A,A,A,A,A,A,A,A,B,B,B,B,A,B,B,B,B,B,B,B,B,B,B,B,B,B,B,B,B,B,A,A,A,A,A,A,A,A,A,A,A,A,A,A,B,B,A,A,A,A,A,A,A,A,A,A,A,A,A,A,A,A,A,B,B,B,B,B,B,A,B,B,B,B,B,B,B,B,B,B,B,B,B,B,B,B,B,B,B,B,B,B,B,B,B,B,B,B,B,B,B,A,A,A,A,A,A,A,A,A,*,A,A,A
85.67394118,93.84629412,97.03029412,B,B,B,B,B,B,B,B,B,B,B,B,B,B,B,B,A,A,A,A,A,A,A,B,B,B,B,B,B,B,B,B,B,B,B,B,B,B,B,B,B,B,B,B,B,B,B,B,B,B,B,B,B,B,B,A,A,A,A,A,A,A,A,A,A,A,A,A,A,A,A,A,A,A,A,A,A,A,A,A,A,A,A,A,A,A,A,A,A,A,A,A,A,A,A,A,A,A,A,A,A,A,A,A,A,A,A,A,A,A,A,A,A,A,A,A,A,A,A,A,A,A,A,A,A,A,A,A,A,A,A,A,B,B,B,B,B,B,B,B,B,B,B,B,B,B,B,B,B,B,B,B,B,B,B,B,B,B,B,A,A,A,A,A,A,B,B,A,A,A,A,A,A,A,A,A,A,A,A,A,A,A,A,A,A,A,A,A,A,A,A,A,A,A,A,A,A,A,A,A,A,A,B,B,B,B,B,B,B,B,B,B,B,B,B,B,B,B,B,B,B,B,B,B,B,B,B,B,B,B,*,A,A,A
86.92661538,90.5785,91.50726923,B,B,B,B,B,B,B,B,B,B,B,B,B,B,B,B,B,B,B,B,B,B,B,B,A,A,B,B,B,B,B,B,B,B,B,B,B,B,B,B,B,B,B,B,B,B,A,A,A,A,B,B,B,B,A,A,A,A,A,A,A,A,A,A,A,A,B,B,A,A,A,A,A,A,A,A,A,A,A,A,A,A,A,A,A,A,A,A,B,B,B,B,B,B,B,B,B,B,B,B,B,B,B,B,B,B,B,B,B,B,B,B,B,B,B,B,B,B,B,B,B,B,B,B,B,B,B,A,A,A,A,A,A,A,A,A,A,A,A,A,A,A,A,A,A,A,A,A,A,B,B,B,B,B,B,B,B,B,B,B,B,B,B,B,B,B,B,A,A,A,A,A,A,A,A,A,A,A,A,A,A,A,A,A,A,A,A,A,A,A,A,A,A,A,A,A,A,A,A,A,A,A,A,A,A,A,A,A,A,A,A,A,A,A,A,A,A,A,A,A,A,A,A,A,A,A,A,A,A,A,*,A,A,A
66.07686667,72.73933333,80.88626667,B,*,B,B,B,B,B,B,B,B,B,B,B,B,B,B,B,B,B,B,B,B,B,B,B,B,A,A,B,B,B,B,B,B,B,B,B,B,B,B,B,B,B,B,B,B,B,B,B,B,B,B,B,B,B,B,B,B,B,B,B,B,B,B,B,B,B,B,A,A,A,A,A,A,A,A,A,A,A,A,A,A,A,A,A,A,A,A,A,A,A,A,A,A,A,A,A,A,A,A,A,A,A,A,A,A,A,A,A,A,A,A,A,A,A,A,A,A,A,A,A,A,A,A,A,A,A,A,B,B,B,B,A,A,B,B,B,B,B,B,B,B,B,B,B,B,B,B,B,B,B,B,B,B,B,B,B,B,B,B,B,B,B,B,B,B,B,A,A,A,A,A,A,A,A,A,A,A,A,A,A,A,A,A,A,A,A,A,A,A,A,A,A,A,A,A,A,A,A,A,A,A,A,A,A,A,A,A,*,*,A,A,A,A,A,A,A,A,A,A,A,A,A,A,A,A,A,A,A,A,*,A,A,A
74.46607692,83.95230769,90.87746154,A,A,A,A,B,B,B,B,B,B,B,B,A,A,A,A,A,A,A,A,A,A,A,*,A,A,B,B,B,B,B,B,B,B,B,B,B,B,B,B,B,B,B,B,B,B,B,B,B,B,B,B,B,A,A,A,A,A,A,A,A,A,A,A,A,A,A,A,B,B,B,B,B,B,B,B,B,B,B,B,B,B,B,B,B,B,B,B,B,B,B,B,B,B,B,B,B,B,B,B,B,B,B,B,B,B,B,B,B,B,B,B,A,A,A,A,A,A,A,A,A,A,A,A,A,A,A,A,A,A,A,A,B,B,B,B,B,B,B,B,B,B,B,B,B,B,B,B,A,A,A,A,A,A,A,A,A,A,A,A,A,A,A,A,A,A,A,B,B,B,B,B,B,B,B,B,B,B,B,B,B,B,B,B,B,B,B,B,B,B,B,B,B,B,B,B,B,B,B,A,A,A,A,A,A,A,A,A,A,*,A,A,A,A,A,A,A,A,A,A,A,A,A,A,A,A,A,A,A,A,*,A,A,A
77.05827778,83.23572222,88.60155556,A,A,A,A,A,A,A,A,B,B,B,B,B,B,B,B,B,B,B,B,B,B,B,B,B,B,A,*,A,A,A,A,A,A,A,A,A,A,A,A,A,A,A,A,A,A,A,A,A,A,A,A,A,A,A,A,A,A,A,A,A,A,A,A,A,A,A,A,A,A,A,A,A,A,A,A,A,A,A,A,A,A,A,A,A,A,A,A,A,A,A,A,A,A,A,A,A,A,A,A,A,A,A,A,A,B,B,B,B,B,B,B,B,B,B,B,B,B,B,B,B,B,B,B,B,B,B,B,B,B,B,B,A,A,A,A,A,A,A,A,A,A,A,A,A,A,A,A,A,A,A,A,A,A,A,A,A,A,A,A,A,A,A,A,A,A,A,B,B,B,B,B,B,B,B,B,B,B,B,B,B,B,B,B,B,B,B,B,B,B,A,A,A,A,A,A,A,A,A,A,A,A,A,A,A,A,A,A,A,A,A,A,A,A,A,A,A,A,A,A,A,A,A,A,B,B,A,A,A,A,*,A,A,A
78.71728571,90.47921429,98.26335714,*,B,B,B,B,B,B,B,B,B,B,A,A,A,A,A,A,A,A,A,A,A,A,A,A,A,B,B,A,A,A,A,A,A,A,A,A,A,A,A,A,A,A,A,A,A,A,A,A,A,A,A,A,A,A,A,A,A,A,A,A,A,A,A,A,A,A,A,A,A,A,A,A,A,A,A,A,A,A,A,A,A,A,A,A,A,A,A,A,A,A,A,A,A,A,*,A,A,A,A,A,A,A,A,A,A,A,A,A,A,A,A,A,A,A,A,A,A,A,A,A,A,A,A,A,A,A,A,A,A,A,A,A,*,A,A,A,A,A,A,A,A,A,A,A,A,A,A,A,B,B,B,B,B,B,B,B,B,B,B,B,B,B,B,B,B,B,A,A,A,A,A,A,A,A,A,A,A,A,A,A,A,A,B,B,B,B,B,B,B,B,B,B,B,B,B,B,B,B,B,B,B,B,B,B,B,A,A,*,A,A,A,A,A,A,A,A,A,A,A,A,A,A,A,A,A,B,B,B,B,*,B,B,B
74.33573333,82.58406667,89.7446,B,B,B,B,B,B,B,B,B,B,B,B,B,B,B,B,B,A,A,A,A,A,A,A,A,A,A,A,A,A,A,A,A,A,A,A,A,A,A,A,A,A,A,A,A,A,A,B,B,B,B,B,B,B,B,B,B,B,B,B,B,B,B,B,B,B,B,B,A,A,A,A,A,A,A,A,A,A,A,A,A,A,A,A,A,A,A,A,A,A,A,A,A,A,A,*,A,A,A,A,A,A,A,A,A,A,A,A,A,A,A,A,A,A,B,B,B,B,B,B,B,B,B,B,B,B,B,B,B,B,B,B,B,B,A,A,A,A,A,A,A,A,A,A,A,A,B,B,B,B,B,B,B,B,B,B,B,A,A,A,B,B,B,B,B,B,B,A,A,A,A,A,A,A,A,*,A,A,A,A,A,A,A,A,A,A,A,A,A,A,A,A,A,A,A,A,A,A,B,B,B,B,B,B,B,B,B,B,B,B,B,B,B,B,B,B,B,B,B,B,B,B,B,B,*,B,B,B,B,B,*,B,B,B
83.9306,91.423,97.214,B,B,B,B,B,B,B,B,B,B,B,B,A,A,A,A,A,A,A,A,A,A,A,A,A,A,A,A,A,A,A,A,A,A,A,A,A,A,A,A,A,A,A,A,A,A,A,A,A,A,A,A,A,A,A,A,A,A,A,A,A,A,A,A,A,A,A,A,A,A,B,B,B,B,A,A,A,A,A,A,A,A,A,A,A,A,A,A,A,A,A,A,A,A,A,*,A,A,A,A,A,A,A,A,A,A,A,A,A,A,A,A,A,A,A,A,A,A,A,A,A,A,A,A,A,A,A,A,A,A,A,A,B,A,A,A,A,A,A,A,A,A,A,A,A,A,A,A,A,A,B,B,B,B,B,B,B,B,B,B,B,B,B,B,B,B,B,A,A,A,A,A,A,A,A,A,A,A,A,A,A,A,A,A,A,A,A,A,A,A,A,A,A,A,A,A,A,A,A,A,A,A,A,A,A,A,A,A,A,A,A,A,A,A,A,A,A,A,A,A,A,A,A,A,A,A,A,A,A,A,*,A,A,A
64.5114375,71.4010625,76.9025625,B,B,B,B,B,B,A,A,A,A,A,A,A,A,A,A,A,A,A,A,A,A,*,A,A,B,A,A,A,A,A,A,A,A,A,A,A,A,A,A,A,A,A,A,A,A,B,B,B,B,B,B,B,B,B,B,B,B,B,B,B,B,A,A,A,A,A,A,B,B,B,B,B,B,B,B,B,B,B,B,B,B,B,B,B,B,A,A,A,A,A,A,A,A,A,A,A,A,A,A,A,A,A,A,A,A,A,A,A,A,A,A,A,A,A,A,A,A,A,A,A,A,A,A,A,A,A,*,*,*,*,*,B,B,B,B,B,B,B,B,B,B,B,B,B,B,B,B,B,B,B,B,B,B,B,B,B,B,B,B,B,B,B,B,B,B,B,A,A,A,A,A,A,A,A,A,A,A,A,A,A,A,A,A,A,A,A,A,A,A,A,A,A,A,A,A,A,A,A,A,A,A,A,A,A,A,A,A,A,A,A,A,A,A,A,A,A,A,A,A,A,A,A,A,A,A,A,A,A,A,*,A,A,A
77.2873,88.2104,93.9567,B,*,B,A,A,A,A,A,B,B,B,A,B,B,A,A,A,A,A,A,A,A,A,A,B,B,A,A,A,A,A,A,A,A,A,A,A,A,A,A,A,A,A,A,A,A,A,A,A,A,A,A,A,A,A,A,A,A,A,*,B,B,B,B,B,B,B,B,A,A,A,A,A,A,A,A,A,A,A,A,A,A,A,A,A,A,A,A,A,A,A,A,A,A,A,A,A,A,A,A,A,A,A,A,A,A,A,A,A,A,A,A,A,A,A,A,A,A,A,A,A,A,A,A,A,A,A,A,A,A,A,A,B,B,A,A,A,A,A,A,A,A,A,A,A,A,A,A,A,A,A,A,A,A,A,A,A,A,A,A,A,A,A,A,A,A,A,*,A,A,A,A,A,A,A,A,A,A,A,A,A,A,A,A,A,A,A,A,A,A,A,A,A,A,A,A,A,A,A,A,A,A,A,A,A,A,A,A,*,A,A,A,A,A,A,A,A,A,A,B,B,B,B,B,B,B,B,B,B,B,*,B,B,B
66.788,75.74807143,82.9045,B,B,B,B,B,B,B,B,B,B,B,B,B,B,B,B,B,B,B,B,B,B,B,B,B,B,B,B,B,B,B,B,B,B,B,B,B,B,B,B,B,B,B,B,B,B,B,B,B,B,B,B,B,B,B,B,B,B,B,B,B,B,B,B,B,B,B,B,B,B,B,B,B,B,B,B,B,B,B,B,B,B,B,B,B,B,B,B,B,B,B,B,B,B,B,B,B,B,B,B,B,B,B,B,B,B,B,B,B,B,B,B,B,B,B,B,B,B,B,B,B,B,B,B,B,B,B,B,B,B,B,B,B,B,B,B,B,B,B,B,B,B,B,B,B,B,B,B,B,B,B,B,B,B,B,B,B,B,B,B,B,B,B,B,B,B,B,B,B,B,B,B,B,B,B,B,B,B,B,B,B,B,B,B,B,B,B,B,B,B,B,B,B,B,B,B,B,B,B,B,B,B,B,B,B,B,B,B,B,B,B,B,B,B,B,B,B,B,B,B,B,B,B,B,B,B,B,B,B,B,B,B,B,B
91.67733333,100.0157778,104.8642222,A,A,A,A,A,A,A,A,A,A,A,A,A,A,A,A,A,A,A,A,A,A,A,A,A,A,A,A,A,A,A,A,A,A,A,A,A,A,A,A,A,A,A,A,A,A,A,A,A,A,A,A,A,A,A,A,A,A,A,A,A,A,A,A,A,A,A,A,A,A,A,A,A,A,A,A,A,A,A,A,A,A,A,A,A,A,A,A,A,A,A,A,A,A,A,A,A,A,A,A,A,A,A,A,A,A,A,A,A,A,A,A,A,A,A,A,A,A,A,A,A,A,A,A,A,A,A,A,A,A,A,A,A,A,A,A,A,A,A,A,A,A,A,A,A,A,A,A,A,A,A,A,A,A,A,A,A,A,A,A,A,A,A,A,A,A,A,A,A,A,A,A,A,A,A,A,A,A,A,A,A,A,A,A,A,A,A,A,A,A,A,A,A,A,A,A,A,A,A,A,A,A,A,A,A,A,A,A,A,A,A,A,A,A,A,A,A,A,A,A,A,A,A,A,A,A,A,A,A,A,A,A,A,A